user_id,item_id,score
A1H2WJSALF3E9U,0763855553,5.0
A99K7S15XOQ45,0763855553,5.0
A22S7D0LP8GRDH,0763855553,5.0
A3VONQL7YW8UPM,0763855553,5.0
A141R97FHSSUQ0,0763855553,4.0
A376OJHLE6SU9Q,0763855553,4.0
AGOH8N902URMW,0763855553,5.0
A379DLIAF0MFM5,0763855553,5.0
A1GQRGB8FGSLIZ,0763855553,3.0
A18GJ9MYYO6GCQ,1413313701,5.0
A3R1WFO4KIUQXZ,1413313701,2.0
ACVDL5QRCOPE1,1413313701,4.0
A2XU6J41ZQOJ2V,1413313701,5.0
A3BNMHRW2R35LK,1413313701,5.0
A1TR1R2QKWRSRA,1413313701,4.0
A16RI68PS6T5CA,1413313728,4.0
A1GWG5CWLKJ7ET,1413313728,5.0
A3DZFEICHK5LF2,1413313728,4.0
A1GQRGB8FGSLIZ,1413313728,5.0
ACVDL5QRCOPE1,1413313728,5.0
A3LGT6UZL99IW1,1413313728,5.0
A3URT8E3UNEWTR,B000FK88JK,5.0
ADKZOXAOV8EXD,B000FK88JK,5.0
A18YMFFJW974QS,B000FK88JK,2.0
A2MR696ZU17F12,B000FK88JK,5.0
A6FIAB28IS79,B000FK88JK,4.0
A1J75JJ0Q2OEJN,B000FK88JK,4.0
A1UVWTNPX8TR0G,B000FK88JK,2.0
A225G2TFM76GYX,B000FK88JK,5.0
A2QDOJFFLFGF18,B000TMHZX4,3.0
A680RUE1FDO8B,B000TMHZX4,2.0
A1ZCSSCAGBCD49,B000TMHZX4,3.0
A3KCKECEO3E2AN,B000TMHZX4,3.0
A19XMHRB3G4DIR,B000TMHZX4,3.0
A8WAYVOKYBLO6,B000TMHZX4,4.0
A3G7BEJJCPD6DS,B000TMHZX4,4.0
A1ZM846Y7AUYD,B000TMHZX4,4.0
A17HMM1M7T9PJ1,B000TMHZX4,4.0
A376OJHLE6SU9Q,B000UJUJ7U,4.0
A2XRMQA6PJ5ZJ8,B000UJUJ7U,1.0
A3R1WFO4KIUQXZ,B000UJUJ7U,4.0
A3M6TSEV71537G,B000UJUJ7U,3.0
A3Q4TYJVAM4IRM,B000UJUJ7U,5.0
ATJE929ETFFNH,B000UJUJ7U,4.0
A105S56ODHGJEK,B000UJUJ7U,3.0
A3CWEK9HY2VPDL,B000UJUJ7U,2.0
A3Q1J68QY1MZQ9,B000V6YPAY,5.0
A3F3B6HY9RJI04,B000V6YPAY,3.0
A2K4HN6EECBNR3,B000V6YPAY,5.0
A3SMR4HRFJARSC,B000V6YPAY,1.0
A2X3L31KCXBHCL,B000V6YPAY,3.0
A2D1LPEUCTNT8X,B000VLZCEW,3.0
A3LGT6UZL99IW1,B000VLZCEW,1.0
A1JZFGZEZVWQPY,B0000AZJY6,5.0
A1QNYLBG73QRNF,B0000AZJY6,5.0
A3D0HMC6RQT0N0,B000W3RSGE,3.0
A2EZTM9WY5B5IL,B000W3RSGE,5.0
A22I55P15NSAOX,B000W3RSGE,4.0
A6VPK7X53QNAQ,B000WEJYM4,3.0
ARXU3FESTWMJJ,B000WEJYM4,4.0
A11KZ906QD08C5,B000WMUHEU,2.0
A2PK64OVZA1U8Z,B000WMUHEU,5.0
A2EZTM9WY5B5IL,B000WMUHEU,5.0
A2VAD79S4A06DD,B000WR2F2M,4.0
A105S56ODHGJEK,B000WR2F2M,3.0
AS6SH2JM2YY3H,B000WR2F2M,5.0
A27H0T39U3FZB5,B000WR2F2M,3.0
A1143YEAZYMYHJ,B000WR2F2M,4.0
A1ZCSSCAGBCD49,B000WR2F2M,2.0
A1C0SOX7DPXY65,B000WR2F2M,2.0
A1GWG5CWLKJ7ET,B000WR2F2M,3.0
A225G2TFM76GYX,B000X86ZAS,4.0
A105S56ODHGJEK,B000X86ZAS,5.0
A1JZFGZEZVWQPY,B000X86ZAS,3.0
A1JUBRIZMO0RJV,B000X86ZAS,4.0
ABNMD6670TV53,B000X86ZAS,4.0
A2HXE29CU1I24Y,B000X86ZAS,4.0
A3A15L96IYUO6V,B000X86ZAS,3.0
A3CKI6VEH0HBMJ,B000X86ZAS,4.0
A3RGHO0Q938FRS,B000XHE0Q0,5.0
A3KZCNV1N8R9GC,B000XHE0Q0,4.0
A21S26XYPGXJZX,B000XHE0Q0,4.0
A1O229NVVDJUX2,B000XHE0Q0,4.0
A38NELQT98S4H8,B000XHE0Q0,4.0
A26DQMYF5E0GL6,B000XHE0Q0,4.0
A1LH6RF4UN9VI6,B000XHE0Q0,3.0
A1GQRGB8FGSLIZ,B000XHE0Q0,3.0
A3Q1J68QY1MZQ9,B000XHE0Q0,4.0
A21KNRUAA5RK5E,B000XHE0Q0,2.0
A1GWG5CWLKJ7ET,B000XHE0Q0,4.0
A1F1A0QQP2XVH5,B000XHE0Q0,3.0
A16RI68PS6T5CA,B000Y7Y6IQ,3.0
A6VPK7X53QNAQ,B000Y7Y6IQ,3.0
A1GNYV0RA0EQSS,B000Y7Y6IQ,4.0
A3KZCNV1N8R9GC,B000Y7Y6IQ,3.0
A680RUE1FDO8B,B000Y7Y6IQ,4.0
ATMQEI1LKR6VB,B0012KZKZC,5.0
A23ZNGL704AW7O,B0012KZKZC,5.0
AMUP8DYE7EAN2,B0013A5GGE,3.0
A11KZ906QD08C5,B0013A5GGE,4.0
A3V6Z4RCDGRC44,B0013A5GGE,5.0
A3QJU4FEN8PQSZ,B0013OAHTG,3.0
AMUP8DYE7EAN2,B0013OAHTG,4.0
A6VPK7X53QNAQ,B0013OAHTG,2.0
A1QTHVA826XEOS,B0013OAHTG,5.0
A2AC6GQ24S45GA,B0013OAHTG,5.0
ASJZT7DM51QEM,B0013OAHTG,3.0
A17BUUBOU0598B,B0013OAHTG,5.0
A1T9MILRRZ00F8,B0013OAHTG,4.0
A1ROUMJOGO4QMB,B0013O54P8,1.0
A2UOHALGF2X77Q,B0013O54P8,3.0
A3NOBH42C7UI5M,B0013O54P8,1.0
A2XRMQA6PJ5ZJ8,B0013O54P8,2.0
A1VLVWTLV3LVHR,B0014KJ6EQ,5.0
A2UWPPU5GZLMQZ,B0014X2UAK,4.0
A2UWPPU5GZLMQZ,B0014X5XEK,4.0
A2XHOLOLKGV1FE,B0014X5XEK,5.0
A225G2TFM76GYX,B0014X5XEK,4.0
A2UOHALGF2X77Q,B0016P9KWC,2.0
ACQYIC13JXAOI,B0017I8NQM,5.0
A1GNYV0RA0EQSS,B0017I8NQM,5.0
A3Q1J68QY1MZQ9,B0017I8NQM,4.0
A16RI68PS6T5CA,B0017KEA6W,3.0
A1ZCSSCAGBCD49,B0017KEA6W,3.0
A1OZA52DFY3SHD,B0017KEA6W,3.0
A2AC6GQ24S45GA,B0017KEA6W,4.0
A2SH6A32BE6NEV,B0017KEA6W,5.0
AHQRU3MRORIWQ,B0017KEA6W,3.0
A22I55P15NSAOX,B0017KEA6W,3.0
A2V0I904FH7ABY,B0017KEA6W,3.0
AIJQU979J6UFY,B0017KEA6W,4.0
A2AC6GQ24S45GA,B0017W8BQU,4.0
ATJE929ETFFNH,B0017W8BQU,4.0
A680RUE1FDO8B,B0017W8BQU,3.0
A2JMJVNTBL7K7E,B0017W8BQU,2.0
A376OJHLE6SU9Q,B0017W8BQU,5.0
AQCJWSMSURQI2,B0017W8BQU,3.0
A3FEGTOLCWXSV4,B0017W8BQU,5.0
A2D1LPEUCTNT8X,B000VLZCEW,3.0
A3LGT6UZL99IW1,B000VLZCEW,1.0
A1JZFGZEZVWQPY,B0000AZJY6,5.0
A1QNYLBG73QRNF,B0000AZJY6,5.0
A3D0HMC6RQT0N0,B000W3RSGE,3.0
A2EZTM9WY5B5IL,B000W3RSGE,5.0
A22I55P15NSAOX,B000W3RSGE,4.0
A6VPK7X53QNAQ,B000WEJYM4,3.0
ARXU3FESTWMJJ,B000WEJYM4,4.0
A11KZ906QD08C5,B000WMUHEU,2.0
A2PK64OVZA1U8Z,B000WMUHEU,5.0
A2EZTM9WY5B5IL,B000WMUHEU,5.0
A2VAD79S4A06DD,B000WR2F2M,4.0
A105S56ODHGJEK,B000WR2F2M,3.0
AS6SH2JM2YY3H,B000WR2F2M,5.0
A27H0T39U3FZB5,B000WR2F2M,3.0
A1143YEAZYMYHJ,B000WR2F2M,4.0
A1ZCSSCAGBCD49,B000WR2F2M,2.0
A1C0SOX7DPXY65,B000WR2F2M,2.0
A1GWG5CWLKJ7ET,B000WR2F2M,3.0
A225G2TFM76GYX,B000X86ZAS,4.0
A105S56ODHGJEK,B000X86ZAS,5.0
A1JZFGZEZVWQPY,B000X86ZAS,3.0
A1JUBRIZMO0RJV,B000X86ZAS,4.0
ABNMD6670TV53,B000X86ZAS,4.0
A2HXE29CU1I24Y,B000X86ZAS,4.0
A3A15L96IYUO6V,B000X86ZAS,3.0
A3CKI6VEH0HBMJ,B000X86ZAS,4.0
A3RGHO0Q938FRS,B000XHE0Q0,5.0
A3KZCNV1N8R9GC,B000XHE0Q0,4.0
A21S26XYPGXJZX,B000XHE0Q0,4.0
A1O229NVVDJUX2,B000XHE0Q0,4.0
A38NELQT98S4H8,B000XHE0Q0,4.0
A26DQMYF5E0GL6,B000XHE0Q0,4.0
A1LH6RF4UN9VI6,B000XHE0Q0,3.0
A1GQRGB8FGSLIZ,B000XHE0Q0,3.0
A3Q1J68QY1MZQ9,B000XHE0Q0,4.0
A21KNRUAA5RK5E,B000XHE0Q0,2.0
A1GWG5CWLKJ7ET,B000XHE0Q0,4.0
A1F1A0QQP2XVH5,B000XHE0Q0,3.0
A16RI68PS6T5CA,B000Y7Y6IQ,3.0
A6VPK7X53QNAQ,B000Y7Y6IQ,3.0
A1GNYV0RA0EQSS,B000Y7Y6IQ,4.0
A3KZCNV1N8R9GC,B000Y7Y6IQ,3.0
A680RUE1FDO8B,B000Y7Y6IQ,4.0
ATMQEI1LKR6VB,B0012KZKZC,5.0
A23ZNGL704AW7O,B0012KZKZC,5.0
AMUP8DYE7EAN2,B0013A5GGE,3.0
A11KZ906QD08C5,B0013A5GGE,4.0
A3V6Z4RCDGRC44,B0013A5GGE,5.0
A3QJU4FEN8PQSZ,B0013OAHTG,3.0
AMUP8DYE7EAN2,B0013OAHTG,4.0
A6VPK7X53QNAQ,B0013OAHTG,2.0
A1QTHVA826XEOS,B0013OAHTG,5.0
A2AC6GQ24S45GA,B0013OAHTG,5.0
ASJZT7DM51QEM,B0013OAHTG,3.0
A17BUUBOU0598B,B0013OAHTG,5.0
A1T9MILRRZ00F8,B0013OAHTG,4.0
A1ROUMJOGO4QMB,B0013O54P8,1.0
A2UOHALGF2X77Q,B0013O54P8,3.0
A3NOBH42C7UI5M,B0013O54P8,1.0
A2XRMQA6PJ5ZJ8,B0013O54P8,2.0
A1VLVWTLV3LVHR,B0014KJ6EQ,5.0
A2UWPPU5GZLMQZ,B0014X2UAK,4.0
A2UWPPU5GZLMQZ,B0014X5XEK,4.0
A2XHOLOLKGV1FE,B0014X5XEK,5.0
A225G2TFM76GYX,B0014X5XEK,4.0
A2UOHALGF2X77Q,B0016P9KWC,2.0
ACQYIC13JXAOI,B0017I8NQM,5.0
A1GNYV0RA0EQSS,B0017I8NQM,5.0
A3Q1J68QY1MZQ9,B0017I8NQM,4.0
A16RI68PS6T5CA,B0017KEA6W,3.0
A1ZCSSCAGBCD49,B0017KEA6W,3.0
A1OZA52DFY3SHD,B0017KEA6W,3.0
A2AC6GQ24S45GA,B0017KEA6W,4.0
A2SH6A32BE6NEV,B0017KEA6W,5.0
AHQRU3MRORIWQ,B0017KEA6W,3.0
A22I55P15NSAOX,B0017KEA6W,3.0
A2V0I904FH7ABY,B0017KEA6W,3.0
AIJQU979J6UFY,B0017KEA6W,4.0
A2AC6GQ24S45GA,B0017W8BQU,4.0
ATJE929ETFFNH,B0017W8BQU,4.0
A680RUE1FDO8B,B0017W8BQU,3.0
A2JMJVNTBL7K7E,B0017W8BQU,2.0
A376OJHLE6SU9Q,B0017W8BQU,5.0
AQCJWSMSURQI2,B0017W8BQU,3.0
A3FEGTOLCWXSV4,B0017W8BQU,5.0
A3R1WFO4KIUQXZ,B0018EI3H4,1.0
A1V4VVBQBFXRHC,B0018EI3H4,4.0
A2Q2A6JKY95RTP,B0018EI3H4,4.0
A2WC9NFLG57W4H,B0018EI3H4,5.0
A37KG9AQK1PN10,B0018EI3H4,5.0
A2JMJVNTBL7K7E,B0018EI3H4,4.0
ATJE929ETFFNH,B0018EI3H4,4.0
ASKH6TPNTTAFS,B0018EI3H4,3.0
AFICF7DKHTQ87,B0018EI3H4,1.0
A1UVWTNPX8TR0G,B001AFD20E,5.0
A2AC6GQ24S45GA,B001AFD20E,4.0
A28N2AWOVO2PB,B001AFD20E,5.0
A3KZCNV1N8R9GC,B001AFD20E,4.0
A2NVQZ4Y7Y0J1R,B001AFD20E,2.0
A2HXE29CU1I24Y,B001AFD20E,4.0
ATJE929ETFFNH,B001AFD20E,5.0
A3Q1J68QY1MZQ9,B001AFD20E,5.0
A3KZCNV1N8R9GC,B001AFFZM2,4.0
A2NVQZ4Y7Y0J1R,B001AFFZM2,2.0
A3HJHV83O2U8BL,B001AFFZM2,5.0
A18YMFFJW974QS,B001AFFZM2,5.0
A105S56ODHGJEK,B001AFFZM2,5.0
A1WXG10FJ353K0,B001AFFZM2,4.0
A22I55P15NSAOX,B001AFFZM2,5.0
A250AXLRBVYKB4,B001AMHWP8,5.0
A1ODOGXEYECQQ8,B001AMHWP8,5.0
ARBKYIVNYWK3C,B001AMHWP8,4.0
A1F1A0QQP2XVH5,B001AMHWP8,3.0
A2FRKEXDXDN1KI,B001AMHWP8,4.0
A23GFTVIETX7DS,B001AMHWP8,4.0
A6FIAB28IS79,B001AMHWP8,4.0
A1ZU55TM45Y2R8,B001AMHWP8,5.0
A3HJHV83O2U8BL,B001C33V4G,2.0
A16RI68PS6T5CA,B001C33V4G,4.0
A17BUUBOU0598B,B001C33V4G,3.0
A250AXLRBVYKB4,B001C33V4G,2.0
A3KCKECEO3E2AN,B001C33V4G,1.0
ATJE929ETFFNH,B001C33V4G,4.0
A2VAD79S4A06DD,B001C33V4G,4.0
A1GWG5CWLKJ7ET,B001C33V4G,4.0
A2V0I904FH7ABY,B001C33V4G,5.0
A1ZM846Y7AUYD,B001C33V4G,4.0
A1GQRGB8FGSLIZ,B001CPCJNS,4.0
ABVYGB2TKBO8F,B001CPCJNS,4.0
A2S26YGSVXBCFL,B001CPCJNS,4.0
A35IX2GE0VC0JP,B001CPCJNS,3.0
A2SH6A32BE6NEV,B001CPCJNS,2.0
A28N2AWOVO2PB,B001CPCJNS,4.0
AWPN47SSWK1JV,B001CPJHGU,4.0
A3L2KYOYDWSRPL,B001CPJHGU,5.0
A2WC9NFLG57W4H,B001CPJHGU,2.0
A12DQZKRKTNF5E,B001CPJHGU,3.0
A3RGHO0Q938FRS,B001CPJHGU,5.0
A2VWE5SGNDS8HW,B001CPJHGU,3.0
A25QJBK33C4O0R,B001CPJHGU,3.0
A33ZYFE8XMKKR1,B001EHXOFG,5.0
A2WCFDOCS73PNB,B001EHXOFG,5.0
AJX9A4Q19UTJU,B001EHXOFG,5.0
A1VQHH85U7PX0,B001EHXOFG,4.0
A3VI2VETB90ZG5,B001EHXOFG,4.0
ATJE929ETFFNH,B001EHXOFG,2.0
A2W9GX82SLKROQ,B001EHXOFG,4.0
A2QI2NTDTMK2FV,B001EHXOFG,4.0
A2PMR2PIGWKCQ9,B001EHXOFG,4.0
A680RUE1FDO8B,B001EHXOFG,3.0
A1VFX417XDNWIU,B001EJU9ZM,5.0
A2PMR2PIGWKCQ9,B001EJU9ZM,3.0
A1ZM846Y7AUYD,B001EJU9ZM,4.0
AWPODHOB4GFWL,B001EJU9ZM,3.0
A1NGFGBX2VCQS8,B001EJU9ZM,3.0
AQIJ3ZEEVCIKU,B001EJU9ZM,3.0
A11KZ906QD08C5,B001EJU9ZM,1.0
ACQYIC13JXAOI,B001EJU9ZM,3.0
A22S7D0LP8GRDH,B001EJTO8A,4.0
A3S3R88HA0HZG3,B001EJTO8A,4.0
A3CWEK9HY2VPDL,B001EJTO8A,4.0
A2K4HN6EECBNR3,B001EJTO8A,5.0
AWPODHOB4GFWL,B001EJTO8A,3.0
A680RUE1FDO8B,B001EJTO8A,5.0
A38KK0SZYEH5UD,B001F5VBRU,5.0
A3VONQL7YW8UPM,B001F5VBRU,5.0
A23GFTVIETX7DS,B001F5VBRU,4.0
A2NVQZ4Y7Y0J1R,B001F5VBRU,1.0
AR3EVUQF0AC7R,B001F5VBRU,5.0
A1LH6RF4UN9VI6,B001F5VBRU,5.0
A1F1A0QQP2XVH5,B001F5VBRU,5.0
A2VAD79S4A06DD,B001F5VBRU,5.0
AVU1ILDDYW301,B001LQO4P4,3.0
A1GQRGB8FGSLIZ,B001LQO4P4,1.0
AWH2AY17ZU7W2,B001LQO4P4,3.0
A1PI8VBCXXSGC7,B001LQO4P4,1.0
A1X3ESYZ79H59E,B001LQO4P4,1.0
AJ9AE2BVND0GS,B001LQO4P4,4.0
ALRCAGJOJ9583,B001LQO4P4,3.0
A3KZCNV1N8R9GC,B001TYYZCA,4.0
A3QJU4FEN8PQSZ,B001TYYZCA,4.0
A3M6TSEV71537G,B001TYYZCA,4.0
AYUF7YETYOLNX,B001TYYZCA,4.0
A105S56ODHGJEK,B001TYYZCA,5.0
A3F3B6HY9RJI04,B001TYYZCA,4.0
A3HRDRQ5VAFPQS,B001TYYZCA,4.0
A1VQHH85U7PX0,B001TYYZCA,3.0
AHQRU3MRORIWQ,B001TYYZCA,4.0
A2Y739CRM15WDL,B001TYYZCA,4.0
A1VFX417XDNWIU,B001TYYZCA,5.0
A2PSD2R9A1CXG7,B001TYYZCA,5.0
A2VAD79S4A06DD,B001U3PYLQ,4.0
A2DF62DP20RIXF,B001U3PYLQ,4.0
ALRCAGJOJ9583,B001U3PYLQ,4.0
A2WCFDOCS73PNB,B001U3PYLQ,5.0
A3OKH5G69MS8D9,B001U3PYLQ,4.0
A2R1HUYHXV7H18,B001U3PYLQ,4.0
A3QL857ALV5RCJ,B001U3PYLQ,4.0
AZAC8O310IK4E,B001U3PYLQ,2.0
A3QL857ALV5RCJ,B001VGZLQ0,4.0
A376OJHLE6SU9Q,B001VGZLQ0,3.0
A1GQRGB8FGSLIZ,B001VGZLQ0,2.0
A17HMM1M7T9PJ1,B001VGZLQ0,3.0
AQCJWSMSURQI2,B001VGZLQ0,4.0
A2WC9NFLG57W4H,B0026PEP5S,5.0
AWPN47SSWK1JV,B0026PEP5S,5.0
A2Q2A6JKY95RTP,B0026PEP5S,5.0
A31ICLWQ9CSHRS,B0026PEP5S,4.0
AFFVUZEGP1FDQ,B0026PEP5S,2.0
A2X3L31KCXBHCL,B0026PEP5S,5.0
A1F92EK0MUNOVR,B0026PEP5S,5.0
A2VJ5ALN1BIV3B,B002DHLUWK,5.0
AHBJVK85QLGCI,B002DHLUWK,3.0
A35HNL2VEDK9Z1,B002DHLUWK,3.0
A376OJHLE6SU9Q,B002DHLUWK,4.0
A1ROUMJOGO4QMB,B002DHLUWK,1.0
A1EH2S92FHWZRP,B002DHLUWK,4.0
A1VGXHHR08G044,B002DHLUWK,5.0
A250AXLRBVYKB4,B002DHLUWK,4.0
A2UOHALGF2X77Q,B002DHLUWK,5.0
A1J75JJ0Q2OEJN,B002DHLUWK,5.0
A3MQAQT8C6D1I7,B002DHLUWK,5.0
A3L2KYOYDWSRPL,B002I7LYBC,3.0
A16RI68PS6T5CA,B002I7LYBC,4.0
A2R1HUYHXV7H18,B002I7LYBC,5.0
A3W4D8XOGLWUN5,B002I7LYBC,4.0
A1TR1R2QKWRSRA,B002I7PGT8,4.0
AHQRU3MRORIWQ,B002I7PGT8,4.0
A37KG9AQK1PN10,B002I7PGT8,4.0
A1VFX417XDNWIU,B002I7PGT8,5.0
A27QXQQOLAMRRR,B002I7PGT8,5.0
A2DXENZNO2JT4F,B002I7PGT8,3.0
A2LXC5ZHHP0WXP,B002I7PGT8,1.0
AQCJWSMSURQI2,B002J9V9BO,3.0
A2QI2NTDTMK2FV,B002J9V9BO,4.0
A3OIC7GUFY941R,B002J9V9BO,1.0
A24O15MYDNLZBE,B002J9V9BO,5.0
A1GQRGB8FGSLIZ,B002J9V9BO,4.0
A3J3ZHGDUDPCFL,B002J9V9BO,3.0
A3S3R88HA0HZG3,B002J9V9BO,4.0
A22S7D0LP8GRDH,B002J9PNZM,2.0
ATJE929ETFFNH,B002J9PNZM,3.0
A1OA2ZW406NQXM,B002J9PNZM,1.0
A3Q1J68QY1MZQ9,B002J9PNZM,4.0
A2R1HUYHXV7H18,B002J9PNZM,3.0
A2QI2NTDTMK2FV,B002J9PO2E,4.0
ATMQEI1LKR6VB,B002J9PO2E,3.0
A31N0XY2UTB25C,B002J9PO2E,5.0
A105S56ODHGJEK,B002J9PO2E,3.0
A3F3B6HY9RJI04,B002J9PO2E,1.0
A3Q1J68QY1MZQ9,B002J9PO2E,3.0
A2503LT8PZIHAD,B002JB3CUS,3.0
A680RUE1FDO8B,B002JB3CUS,3.0
A3BVN2QBNPBHCR,B002JB3CUS,1.0
AQCJWSMSURQI2,B002JB3CUS,1.0
A1VQHH85U7PX0,B002JB3CUS,4.0
A3J3ZHGDUDPCFL,B002JB3CUS,4.0
A31N0XY2UTB25C,B002JB3CUS,2.0
A1UQUDT2Q0YENM,B002JB3CUS,5.0
AQCJWSMSURQI2,B002LLK5CO,4.0
A225G2TFM76GYX,B002LLK5CO,5.0
A16RI68PS6T5CA,B002LLK5CO,2.0
A3MQAQT8C6D1I7,B002LLK5CO,5.0
A2R1HUYHXV7H18,B002LLK5CO,5.0
A3SMD3T0QTN109,B002LLK5CO,5.0
A1F1A0QQP2XVH5,B002LLK5CO,3.0
A3HRDRQ5VAFPQS,B002LLK5CO,1.0
A3VI2VETB90ZG5,B002LLK5CO,5.0
A105S56ODHGJEK,B002LLK5CO,2.0
AJX9A4Q19UTJU,B002LLK5CO,2.0
A10H24TDLK2VDP,B002LLK5CO,2.0
A2PMR2PIGWKCQ9,B002LLK5CO,4.0
A680RUE1FDO8B,B002PDPIJI,5.0
A1GQRGB8FGSLIZ,B002PDPIJI,3.0
A3FEGTOLCWXSV4,B002PDPIJI,4.0
A3B20R4ZAH0Y2Y,B002PDPIJI,5.0
A1EVV74UQYVKRY,B002PDPIJI,4.0
A1VGXHHR08G044,B002PDPIJI,5.0
A225G2TFM76GYX,B002PDPIJI,4.0
A1KKE6VX8VPWZK,B002PDPIJI,1.0
A2EZTM9WY5B5IL,B0039L31JY,1.0
A1S0D037M0D71X,B0039L31JY,5.0
A2DIQTZPF26T1L,B0039L31JY,4.0
A1MFAPVBW9BEGD,B0039L31JY,2.0
A1MFAPVBW9BEGD,B0039L31JY,1.0
A35IX2GE0VC0JP,B0039Y59F0,4.0
A23WE733QT4WGJ,B0039Y59F0,4.0
A3NM1MT3Q2FHXV,B0039Y59F0,5.0
A28RSMADFCBJDT,B003JZN5QO,5.0
ARXU3FESTWMJJ,B003JZN5QO,4.0
A1DD5LYFQ3ZAOK,B003JZN5QO,4.0
A2AC6GQ24S45GA,B003JZN5QO,5.0
A22I55P15NSAOX,B003JZN5QO,4.0
A3NOBH42C7UI5M,B003JZN5QO,4.0
A1OMXVXXP07F05,B003PDMNCC,5.0
A3JUHP1E3WUHEA,B003PDMNCC,1.0
A1F9Z42CFF9IAY,B003PDMNCC,1.0
A1ZU55TM45Y2R8,B003PDMNCC,1.0
A225G2TFM76GYX,B003PDMNCC,1.0
A2VJ5ALN1BIV3B,B003VIVY7G,4.0
ATJE929ETFFNH,B003VIVY7G,5.0
A5GPH59NDWJRB,B003VIVY7G,2.0
A1GQRGB8FGSLIZ,B003VIVY7G,3.0
A2SH6A32BE6NEV,B003VIVY7G,1.0
AELK0E5DK7LIZ,B003VIVY7G,3.0
A25WJCAP606YMP,B003VIVY7G,5.0
A2D1LPEUCTNT8X,B003VIVY7G,3.0
A2WCFDOCS73PNB,B003VIVY7G,5.0
A1901NTE8LFJF6,B003VNCROU,4.0
A3VONQL7YW8UPM,B003VNCROU,4.0
A8WAYVOKYBLO6,B003VNCROU,3.0
A19NP8YYADOOSF,B003VNCROU,4.0
A3JQ58CZBV3FOZ,B003VNCROU,3.0
A353U0L2HAMSHV,B003VNCROU,4.0
ADLVFFE4VBT8,B003VNCROU,5.0
A209G57KXCBF4C,B003VNCROU,4.0
A3J8A5L5AF5TX9,B003VNCRNQ,3.0
AVPNQUVZWMDSX,B003VNCRNQ,4.0
ATMQEI1LKR6VB,B003VNCRNQ,4.0
ADLVFFE4VBT8,B003VNCRNQ,5.0
A3EPHBMU07LZ50,B003VNCRNQ,5.0
A1SXCGBJ9JW2MO,B003VNCRNQ,4.0
A32O98PFC3OP7K,B003VNCRNQ,5.0
AQCJWSMSURQI2,B003VNCRNQ,4.0
A31RULW0KNYJ5H,B003VNCRNQ,3.0
A30UP2KKD5IQEP,B003VNCRNQ,3.0
ACVDL5QRCOPE1,B003VNCRNQ,5.0
AOA7NY2649Z9I,B003VNCRNQ,1.0
A35HNL2VEDK9Z1,B003VNCRNQ,5.0
A3S3R88HA0HZG3,B003VNCRNQ,5.0
A2R80172BBNSTA,B003VNCRNQ,4.0
A2R1HUYHXV7H18,B003VNCRNQ,4.0
A3G5MOHY1U635N,B003WT1KHI,4.0
A3LMPD1ZQTWOC4,B003WVFAO0,2.0
A1Q1T811N4IY3Z,B003WVFAO0,4.0
A1C0SOX7DPXY65,B003WVFAO0,3.0
A1GQRGB8FGSLIZ,B003WVFAO0,2.0
AYPIF2S8P3RZT,B003WVFAO0,3.0
A3HRDRQ5VAFPQS,B003WVFAO0,2.0
A1JZFGZEZVWQPY,B003YJ5ESM,3.0
AU7PA1KV5MOMM,B003YJ5ESM,1.0
ACL0T7X1THPAV,B003YJ5ESM,4.0
A1H6SBO7R007I8,B003YJ5ESM,4.0
ACQYIC13JXAOI,B003YJ5ESM,5.0
AIBRTGBN07D6A,B003YJ5ESM,3.0
AR3EVUQF0AC7R,B003YJ5ESM,3.0
A35HNL2VEDK9Z1,B003YJ5ESM,1.0
A10PEXB6XAQ5XF,B003YJ5ESM,3.0
A28HUBMSCXVQW0,B003YJ5DKG,1.0
A250AXLRBVYKB4,B003YJ5DKG,1.0
AGOH8N902URMW,B003YJ5DKG,5.0
A1QTHVA826XEOS,B0043SK9QU,5.0
A3QNQQKJTL76H0,B0043SK9QU,5.0
A6VPK7X53QNAQ,B0043SK9QU,4.0
A3SMR4HRFJARSC,B0043SK9QU,5.0
A31RULW0KNYJ5H,B0044DE8KC,5.0
A225G2TFM76GYX,B0044DE8KC,4.0
A1PL7QILVQV3IF,B0044DE8KC,4.0
A1143YEAZYMYHJ,B0044DE8KC,4.0
A3NOBH42C7UI5M,B0044DE8KC,3.0
A2R1HUYHXV7H18,B0044DE8KC,5.0
A16RI68PS6T5CA,B004DTLWZ6,4.0
A3KCKECEO3E2AN,B004DTLWZ6,2.0
A1TR1R2QKWRSRA,B004DTLWZ6,4.0
A30UP2KKD5IQEP,B004DTLWZ6,4.0
AWPN47SSWK1JV,B004DTLWZ6,4.0
A1UQUDT2Q0YENM,B004DTLWZ6,4.0
AGOH8N902URMW,B004DTLWZ6,5.0
A3NHUQ33CFH3VM,B004DTLWZ6,3.0
A1VFX417XDNWIU,B004DTLWZ6,4.0
A2VJ5ALN1BIV3B,B004E9SKFA,3.0
A3998OSO98YJ35,B004E9SKFA,4.0
A1ZCSSCAGBCD49,B004E9SKFA,3.0
A3CW0ZLUO5X2B1,B004E9SKFA,2.0
A3CW0ZLUO5X2B1,B004E9SKFA,2.0
A357B3PUHSVQA,B004E9SKFA,4.0
A5GPH59NDWJRB,B004E9SKFA,4.0
A225G2TFM76GYX,B004E9SKFA,4.0
AN81JUYW2SL24,B004E9SKFA,4.0
A22S7D0LP8GRDH,B004E9SKFA,4.0
A3EZFFPVS34AMO,B004E9SKFA,4.0
A1MFAPVBW9BEGD,B004E9SKFA,1.0
A2X3L31KCXBHCL,B004IKEKWC,3.0
AZYJE40XW6MFG,B004IKEKWC,2.0
A3KZCNV1N8R9GC,B004IKEKWC,4.0
A1TR1R2QKWRSRA,B004IKEKWC,5.0
A12DQZKRKTNF5E,B004IKEKWC,2.0
ACVDL5QRCOPE1,B004IKEKWC,4.0
A3NHUQ33CFH3VM,B004IKEKWC,5.0
A2KOV8XWZOZ0FQ,B004IKEKWC,5.0
A10VA5QS5P57N4,B004PBG8EC,5.0
A12O5SEIF162P8,B004PBG8EC,4.0
ACVDL5QRCOPE1,B004PBG8EC,4.0
A20H1M28WLI9J2,B004PBG8EC,3.0
A3OEIPLU13BEW2,B004PBG8EC,3.0
A2HMF8ZR67BNZS,B004PBG8EC,3.0
A3PD8JD9L4WEII,B004PBG8EC,3.0
A110PC8C5Y7MQD,B004Q0T0LU,5.0
A19HT7YC1UW3D6,B004Q0T0LU,5.0
A31N0XY2UTB25C,B004Q0T0LU,5.0
A6FIAB28IS79,B004QK8FBG,3.0
AVPNQUVZWMDSX,B004QK8FBG,4.0
A3LMPD1ZQTWOC4,B004QK8FBG,1.0
A7UPJYPAH73NC,B004QK8FBG,2.0
A2QI2NTDTMK2FV,B004QK8FBG,4.0
A250AXLRBVYKB4,B004QK8FBG,2.0
A1GYEGLX3P2Y7P,B004XO6V1G,4.0
A1WXG10FJ353K0,B004XO6V1G,5.0
A3EK2KTYHJCPB9,B004XO6V1G,4.0
AVU1ILDDYW301,B004XO6V1G,5.0
AIBRTGBN07D6A,B004XO6V1G,4.0
A1143YEAZYMYHJ,B004XO6V1G,5.0
A2WC9NFLG57W4H,B004XO6V1G,5.0
A3BVN2QBNPBHCR,B004Y8MKZM,5.0
A16RI68PS6T5CA,B004Y8MKZM,4.0
ATJE929ETFFNH,B004Y8MKZM,5.0
A11KZ906QD08C5,B004Y8MKZM,5.0
A26LD9FQHTM8ZH,B004Y8MKZM,4.0
A225G2TFM76GYX,B004YHXXKO,4.0
A18GJ9MYYO6GCQ,B004YHXXKO,5.0
A2AF0NOCM71J0B,B004YHXXKO,5.0
A17HMM1M7T9PJ1,B004YHXXKO,4.0
A1C0SOX7DPXY65,B004YHXXKO,3.0
AWH2AY17ZU7W2,B004YHXXKO,4.0
A35IX2GE0VC0JP,B004YHXXKO,4.0
A105S56ODHGJEK,B004YTG200,3.0
A3SLC8F6VIWXIR,B004YTG200,4.0
A12DQZKRKTNF5E,B004YTG200,3.0
A26BDXG9KVH7SU,B004YTG200,3.0
ARBKYIVNYWK3C,B004YTG200,5.0
A3AG5QAT8L0I3R,B0052VKP0W,4.0
AQ2FC1DLKVD8H,B0052VKP0W,3.0
ATMQEI1LKR6VB,B0052VKP0W,4.0
ALDAF4VVLFRHP,B0052VKP0W,4.0
A12DQZKRKTNF5E,B0052VKP0W,5.0
A1143YEAZYMYHJ,B0052VKP0W,5.0
A13WOT3RSXKRD5,B0052VKP0W,5.0
A19NP8YYADOOSF,B0052VKP0W,5.0
A26LD9FQHTM8ZH,B0052VKP0W,4.0
A1C0SOX7DPXY65,B0056CZATI,4.0
A2HMF8ZR67BNZS,B0056CZATI,5.0
AZYJE40XW6MFG,B0056CZATI,3.0
A3L2KYOYDWSRPL,B0056CZATI,4.0
A25KVM6GJBLISZ,B0056CZATI,4.0
A26LD9FQHTM8ZH,B0056CZATI,4.0
A1TR1R2QKWRSRA,B0056CZC2S,4.0
A19RW25Q6206I3,B0056CZC2S,5.0
AZYJE40XW6MFG,B0056CZC2S,5.0
ATJE929ETFFNH,B0056CZC2S,5.0
A16RI68PS6T5CA,B0056CZC2S,4.0
A30IP5D5DLHRPA,B0056CZC2S,5.0
A2V9DTXTQ5YIMK,B0056CZC2S,5.0
A3AG5QAT8L0I3R,B00597EEIS,4.0
A23NSKTMSPPBTR,B00597EEIS,4.0
A1NRMTQ5SZPZA,B00597EEIS,4.0
A2CGORRQGDEL37,B00597EEIS,1.0
AVU1ILDDYW301,B00597EEIS,3.0
A3JQ58CZBV3FOZ,B00597EEIS,4.0
A1GQRGB8FGSLIZ,B00597EEIS,2.0
A6VPK7X53QNAQ,B00597EEIS,4.0
A1OA2ZW406NQXM,B00597EEIS,5.0
A3R1WFO4KIUQXZ,B00597EEIS,3.0
ARXU3FESTWMJJ,B00597EEIS,2.0
AI8EMB0HUC6Z5,B00597EEIS,4.0
A1MRRMHGV3PN5W,B005AAWNBE,4.0
A3BVN2QBNPBHCR,B005AAWNBE,5.0
A1BK60GZ4QME6I,B005AAWNBE,4.0
AL9WKVMRI6GFB,B005AAWYR2,1.0
AZYJE40XW6MFG,B005AAWYR2,1.0
A22CW0ZHY3NJH8,B005AAWYR2,4.0
A3L2KYOYDWSRPL,B005AAWYR2,4.0
A23ZNGL704AW7O,B005AAWYR2,1.0
A1R1BFJCMWX0Y3,B005AAWYR2,4.0
A3R4794K2RVU1S,B005AAWYR2,4.0
A20H1M28WLI9J2,B005AAWYR2,5.0
A32NEDX6UVV8DE,B005AAWYR2,5.0
A1J75JJ0Q2OEJN,B005AAWOT0,4.0
A2RJKVBUNZCSXI,B005AAWOT0,5.0
A3R1WFO4KIUQXZ,B005AAWOT0,4.0
A3R9X003XW0LNR,B005AAWOT0,5.0
A2JMJVNTBL7K7E,B005AAWOT0,3.0
A3CWEK9HY2VPDL,B005AAWOT0,4.0
A6VPK7X53QNAQ,B005AAWOT0,4.0
A3U41ZL33SS92P,B005AAWOT0,4.0
A22I55P15NSAOX,B005CY41BI,4.0
A3CG93783LP0FO,B005CY41BI,2.0
A35HOUWHAYZZN6,B005CY41BI,2.0
A3NHUQ33CFH3VM,B005CY41BI,3.0
A376OJHLE6SU9Q,B005CY41BI,3.0
A12DQZKRKTNF5E,B005CY41BI,4.0
AZYJE40XW6MFG,B005CY41BI,1.0
AQCJWSMSURQI2,B005CY41BI,2.0
A3B20R4ZAH0Y2Y,B005FIWT6U,4.0
A1JUBRIZMO0RJV,B005FIWT6U,4.0
A2SH6A32BE6NEV,B005FIWT6U,2.0
A279FUL12R7MBD,B005FIWT6U,4.0
AIBRTGBN07D6A,B005FIWT6U,4.0
A35HNL2VEDK9Z1,B005FIWT6U,1.0
A1F1A0QQP2XVH5,B005FIWT6U,3.0
A1UQBFCERIP7VJ,B005FIWT6U,3.0
A225G2TFM76GYX,B005FIWT6U,5.0
A3QDY9I0CNMD2W,B005FIWT74,5.0
A28I98PKHZZKVB,B005FIWT74,1.0
A1EH2S92FHWZRP,B005FIWT74,4.0
A2O4Y3QOPHS6H5,B005FIWT74,1.0
AVU1ILDDYW301,B005FIWT74,5.0
A397CWU6DM3O5G,B005FIWT74,3.0
AGXV8E7XK9J6H,B005FIWT74,4.0
A1NGFGBX2VCQS8,B005GI19HY,3.0
A19NP8YYADOOSF,B005GI19HY,5.0
A7EJERNB7IK3Z,B005GI19HY,1.0
A3J8A5L5AF5TX9,B005GI19HY,4.0
A2NJQF2UI60VGT,B005GI19HY,5.0
A32O98PFC3OP7K,B005GI19HY,5.0
A2NSXY5L42ZUGO,B005HTIWIQ,5.0
ASKH6TPNTTAFS,B005HTIWIQ,4.0
AY91MQZZR750W,B005HTIWIQ,3.0
A10ZFE6YE0UHW8,B005HTIWIQ,3.0
A279FUL12R7MBD,B005HTIWIQ,4.0
A3RZOPQ42Q50B1,B005HTIWIQ,4.0
A1PL7QILVQV3IF,B005HTIWIQ,1.0
A680RUE1FDO8B,B005HTIWIQ,1.0
A2VWE5SGNDS8HW,B005HTIWIQ,5.0
AUCIFMWP3DU8R,B005HTIWJ0,2.0
A3OKH5G69MS8D9,B005HTIWJ0,4.0
A23E9QQHJLNGUI,B005HTIWJ0,1.0
ATJE929ETFFNH,B005HTIWJ0,4.0
ASKH6TPNTTAFS,B005HTIWJ0,4.0
A10ZFE6YE0UHW8,B005HTIWJ0,4.0
ACVDL5QRCOPE1,B005HTIWJ0,4.0
A8WAYVOKYBLO6,B005HTIWJ0,3.0
A3D5B2CBFNJB0K,B005HTIWJ0,1.0
A3Q1J68QY1MZQ9,B005HTIWJ0,5.0
A35HOUWHAYZZN6,B005LTV8G0,1.0
A3QJU4FEN8PQSZ,B005LTV8G0,5.0
A1WXG10FJ353K0,B005LTV8G0,5.0
AY91MQZZR750W,B005LTV8G0,5.0
A3BVN2QBNPBHCR,B005LTV8G0,5.0
A1ODOGXEYECQQ8,B005LTV8G0,5.0
A3VI2VETB90ZG5,B005LXIJ7M,5.0
A2FRKEXDXDN1KI,B005LXIJ7M,4.0
AYUF7YETYOLNX,B005LXIJ7M,4.0
A3SMR4HRFJARSC,B005LXIJ7M,1.0
A680RUE1FDO8B,B005LXIJ7M,5.0
A3QNQQKJTL76H0,B005LXIJ7M,4.0
A2IMLOJ2Z2QEU2,B005LXIJ7M,4.0
A1143YEAZYMYHJ,B005LXIJ7M,4.0
A3BVN2QBNPBHCR,B005LXIJ7M,5.0
A2C64FF04NWX14,B005S4Y13K,5.0
A178IK50SI5GO0,B005S4Y13K,5.0
A19MNLXNDBHI54,B005S4Y13K,4.0
A3S3R88HA0HZG3,B005S4Y13K,1.0
A1X1CEGHTHMBL1,B005S4Y13K,5.0
A3AG5QAT8L0I3R,B005S4Y13K,4.0
A3F8T3BRXRX5P3,B005S4Y13K,2.0
A25C2M3QF9G7OQ,B005S4Y13K,5.0
A25WJCAP606YMP,B005S4Y13K,4.0
A1T1YSCDW0PD25,B005S4Y13K,4.0
A3CW0ZLUO5X2B1,B005S4Y13K,5.0
A1F1A0QQP2XVH5,B005S4Y13K,5.0
A3RZOPQ42Q50B1,B005S7ZLU4,4.0
A22S7D0LP8GRDH,B005S7ZLU4,5.0
A680RUE1FDO8B,B005S7ZLU4,4.0
A23WE733QT4WGJ,B005S7ZLU4,5.0
A2NB2E5DXE319Z,B005S7ZLU4,3.0
AQ2FC1DLKVD8H,B005S7ZLU4,5.0
A20H1M28WLI9J2,B005S7ZLU4,5.0
A1NRMTQ5SZPZA,B005S7ZLU4,5.0
A22CW0ZHY3NJH8,B005S7ZLU4,4.0
A5KMMY627T3W,B0066H890O,4.0
A2YKWYC3WQJX5J,B0066H890O,4.0
A3L2KYOYDWSRPL,B0066H890O,4.0
AGGAQLXPVGM5D,B0066H890O,5.0
A2WC9NFLG57W4H,B0066H890O,5.0
A2X3L31KCXBHCL,B0066H890O,2.0
A33Y8C4818EJL0,B0066H890O,5.0
A1ZU55TM45Y2R8,B0066H890O,4.0
A3FOSLM5G1BO63,B0066H890O,4.0
A3NHUQ33CFH3VM,B0066H890O,5.0
A31BD4RXCON7QO,B0066H890O,3.0
A3S15YGZ6W6EV2,B0066H890O,5.0
A11KZ906QD08C5,B006WVR9GY,1.0
A1WXG10FJ353K0,B006WVR9GY,4.0
ALDAF4VVLFRHP,B006WVR9GY,4.0
ACVDL5QRCOPE1,B006WVR9GY,5.0
A3S3R88HA0HZG3,B006WVR9GY,5.0
A19NP8YYADOOSF,B006WVR9GY,5.0
A3OXHLG6DIBRW8,B006WVR9GY,5.0
A1UQBFCERIP7VJ,B006WVR9GY,4.0
A2068BC3ZXAVJQ,B006WVR9GY,5.0
A30UP2KKD5IQEP,B0078YKR0O,3.0
A2BLFCOPSMBOZ9,B0078YKR0O,2.0
A20H1M28WLI9J2,B0078YKR0O,5.0
A250AXLRBVYKB4,B0078YKR0O,3.0
A25QJBK33C4O0R,B0078YKR0O,1.0
A2LW5AL0KQ9P1M,B0078YKR0O,1.0
A1J75JJ0Q2OEJN,B0078YKR0O,4.0
A3OEIPLU13BEW2,B0078YKR0O,4.0
A3F8T3BRXRX5P3,B004Q0PT3I,4.0
A3DDDXG42DOA0U,B004Q0PT3I,1.0
ALYZJ7W14YS26,B004Q0PT3I,5.0
A3N0P5AAMP6XD2,B004Q0PT3I,5.0
AI8EMB0HUC6Z5,B004Q0PT3I,5.0
A2UWPPU5GZLMQZ,B007IWCQ8W,4.0
A1V3TRGWOMA8LC,B007IWCQ8W,4.0
A1SXCGBJ9JW2MO,B007IWCQ8W,5.0
A3QNQQKJTL76H0,B007IWCQ8W,4.0
ATMQEI1LKR6VB,B007IWCQ8W,5.0
ACVDL5QRCOPE1,B007IWCQ8W,5.0
A1UQBFCERIP7VJ,B007IWCQ8W,4.0
A3VI2VETB90ZG5,B007IWCQ8W,5.0
A2YKWYC3WQJX5J,B007QYZ08A,5.0
A11KZ906QD08C5,B007QYZ08A,5.0
A25C2M3QF9G7OQ,B007QYZ08A,5.0
AWIF8AR75LL9L,B007QYZ08A,5.0
A105S56ODHGJEK,B007QYZ08A,5.0
A12DQZKRKTNF5E,B007QYZ08A,4.0
AY6A8KPYCE6B0,B007QYZ08A,2.0
A1PI8VBCXXSGC7,B007QYZ08A,5.0
A1GYEGLX3P2Y7P,B007QYZ08A,5.0
A1143YEAZYMYHJ,B007QYZ08A,5.0
A3G7BEJJCPD6DS,B007QYZ08A,4.0
A397CWU6DM3O5G,B007QYZ08A,3.0
A2TBAUW2W7J538,B007UXEF6U,3.0
A3FOSLM5G1BO63,B007UXEF6U,3.0
A1MRRMHGV3PN5W,B007UXEF6U,4.0
A17HMM1M7T9PJ1,B007UXEF6U,2.0
A353U0L2HAMSHV,B007UXEF6U,1.0
A6VPK7X53QNAQ,B007UXEF6U,2.0
A680RUE1FDO8B,B007UXEF6U,3.0
A2WC9NFLG57W4H,B007UXEF6U,1.0
A3G7BEJJCPD6DS,B008414ZYY,1.0
AIBRTGBN07D6A,B008414ZYY,3.0
A1KKE6VX8VPWZK,B008414ZYY,5.0
AFFVUZEGP1FDQ,B008414ZYY,1.0
A1B70ZEWQ6UH1A,B008414ZYY,4.0
A105S56ODHGJEK,B008414ZYY,2.0
A4H4KYSM2KQ85,B008414ZYY,2.0
A3RZOPQ42Q50B1,B008414ZYY,2.0
A17O9AHKHK66AI,B008H3SW4I,4.0
A33ZYFE8XMKKR1,B008H3SW4I,1.0
A2WB7LZ595CR50,B008H3SW4I,3.0
A1V3TRGWOMA8LC,B008H3SW4I,1.0
ALRCAGJOJ9583,B008H3SW4I,4.0
AHBJVK85QLGCI,B008H3SW4I,1.0
A3VI2VETB90ZG5,B008H3SW4I,1.0
A9GPCR9WJQCCJ,B008H3SW4I,1.0
ABVYGB2TKBO8F,B008H3SW4I,4.0
A3CW0ZLUO5X2B1,B008H3SW4I,4.0
A209G57KXCBF4C,B008H3SW4I,2.0
A2UOHALGF2X77Q,B008H3SW4I,2.0
A1PR7UDVQ8QSFF,B008MR38ZM,5.0
A2AF0NOCM71J0B,B008MR38ZM,5.0
A1GQRGB8FGSLIZ,B008MR38ZM,5.0
A31N0XY2UTB25C,B008MR38ZM,5.0
A25QJBK33C4O0R,B008MR38ZM,4.0
A35ORHRXYF9HM1,B008MR38ZM,5.0
A2MBLVMVDLHK1L,B008MR38ZM,5.0
AFFVUZEGP1FDQ,B008MR38ZM,3.0
ARZQZPP4BDT1C,B008RA5A00,3.0
ATOKT8QYK967L,B008RA5A00,4.0
A3F8T3BRXRX5P3,B008RA5A00,2.0
AJ22XNZC2377X,B008RA5A00,4.0
A397CWU6DM3O5G,B008RA5A00,3.0
A2PSD2R9A1CXG7,B008S0IE5M,3.0
A3HJHV83O2U8BL,B008S0IE5M,5.0
A1ZBEIL78MLR9Z,B008S0IV9G,4.0
A2LW5AL0KQ9P1M,B008S0IV9G,1.0
A225G2TFM76GYX,B008S0IV9G,5.0
AQCJWSMSURQI2,B008S0IE5M,5.0
A3R1WFO4KIUQXZ,B008S0IE5M,4.0
ACL0T7X1THPAV,B008S0IE5M,3.0
AVJJ2D4G5I0Z4,B008S0IE5M,4.0
A1MRRMHGV3PN5W,B008U5EL5C,2.0
A35HOUWHAYZZN6,B008U5EL5C,3.0
A30UP2KKD5IQEP,B008U5EL5C,4.0
A2LW5AL0KQ9P1M,B008U5EL5C,1.0
A1F1A0QQP2XVH5,B008YTAKJA,4.0
ALYZJ7W14YS26,B008YTAKJA,5.0
A3R2J4ICQJMG87,B008YTAKJA,5.0
A3JUHP1E3WUHEA,B008YTAGIK,4.0
A27H0T39U3FZB5,B008YTAGIK,5.0
A2AF0NOCM71J0B,B008YTAGIK,5.0
A3KCKECEO3E2AN,B008YTAGIK,5.0
A3QJU4FEN8PQSZ,B008YTAGIK,5.0
A2UWPPU5GZLMQZ,B008YTAGIK,4.0
A110PC8C5Y7MQD,B008YTAKJA,5.0
ALDAF4VVLFRHP,B008YTAKJA,5.0
A225G2TFM76GYX,B008YTAKJA,5.0
A2A6G52JG3IS0Z,B008YTAKJA,5.0
A1GNYV0RA0EQSS,B009066EOG,4.0
AUITG1DJ3QUGK,B009066EOG,5.0
A3G7BEJJCPD6DS,B009066EOG,5.0
A3U41ZL33SS92P,B009066EOG,3.0
A2WW57XX2UVLM6,B009066EOG,3.0
A31PP1LB2A8WR4,B009066EOG,3.0
A3VI2VETB90ZG5,B009066EOG,4.0
A3RZOPQ42Q50B1,B009066NOC,5.0
A2068BC3ZXAVJQ,B009066NOC,5.0
AE0337VVP8MRM,B009066NOC,4.0
A5GPH59NDWJRB,B009066NOC,3.0
A25AXL9N6ZLAOE,B009066NOC,1.0
A1E55W6ES0FY17,B009066NOC,5.0
AG7EF0SVBQOUX,B009066NOC,5.0
A3TAS1AG6FMBQW,B009066OXC,5.0
A3L2KYOYDWSRPL,B009066OXC,4.0
A3FOSLM5G1BO63,B009066OXC,3.0
AVU1ILDDYW301,B009066OXC,4.0
AE0337VVP8MRM,B009066OXC,2.0
A2R80172BBNSTA,B009066OXC,5.0
A3B20R4ZAH0Y2Y,B009348X7Q,4.0
A2BH04B9G9LOYA,B009348X7Q,4.0
A2LXX47A0KMJVX,B009348X7Q,5.0
A2YKWYC3WQJX5J,B009348X7Q,3.0
AGVWTYW0ULXHT,B009348X7Q,4.0
A3S15YGZ6W6EV2,B009348X7Q,5.0
A1WXG10FJ353K0,B009348X7Q,3.0
A3J029KBNG5MNP,B009348X7Q,4.0
A2WC9NFLG57W4H,B009348X7Q,2.0
AQIJ3ZEEVCIKU,B0094NY3R0,3.0
A3W4D8XOGLWUN5,B0094NY3R0,4.0
A2AF0NOCM71J0B,B0094NY3R0,5.0
A2AF0NOCM71J0B,B009716H7S,3.0
A1J75JJ0Q2OEJN,B009716H7S,4.0
ACL0T7X1THPAV,B009716H7S,5.0
A3OEIPLU13BEW2,B009716H7S,5.0
ABVYGB2TKBO8F,B009CCVMO0,4.0
A100UD67AHFODS,B009CCVMO0,5.0
A9X2MLWQOALBW,B009ENDZ4C,5.0
A3EK2KTYHJCPB9,B009ENDZ4C,4.0
A2YKWYC3WQJX5J,B009ENDZ4C,5.0
A3BVN2QBNPBHCR,B009ENDZ4C,5.0
A1LH6RF4UN9VI6,B009ENDZ4C,3.0
A2S26YGSVXBCFL,B009ENDZ4C,2.0
A25UZ7MA72SMKM,B009ENDZ4C,5.0
A2C64FF04NWX14,B009HBCU9W,5.0
AGYH5U11ZKPFB,B009HBCU9W,3.0
A3CW0ZLUO5X2B1,B009HBCU9W,4.0
A19HT7YC1UW3D6,B009HBCU9W,5.0
A2VJ5ALN1BIV3B,B009SPL2K0,3.0
A3CW0ZLUO5X2B1,B009SPL2K0,2.0
AFFVUZEGP1FDQ,B009SPL2K0,2.0
A1WXG10FJ353K0,B009SPL2K0,4.0
A3FOSLM5G1BO63,B009SPL2K0,4.0
A225G2TFM76GYX,B009SPL2K0,4.0
A3BVN2QBNPBHCR,B009SPL2K0,3.0
ANRXH0BVEAR6B,B009SPL2K0,5.0
A3M7BCQKSQAK4L,B009SPL2K0,2.0
AY6A8KPYCE6B0,B009SPL2K0,3.0
A3EZFFPVS34AMO,B009SPL2K0,4.0
A3TAS1AG6FMBQW,B009SPL2K0,2.0
AN81JUYW2SL24,B009SPL2K0,1.0
A25UZ7MA72SMKM,B009SPL2K0,2.0
A2DF62DP20RIXF,B009YYZJDQ,3.0
A2068BC3ZXAVJQ,B009YYZJDQ,4.0
A376OJHLE6SU9Q,B009YYZJDQ,4.0
AO9UNKQG83BUP,B009YYZJDQ,3.0
A2LXC5ZHHP0WXP,B009YYZJDQ,5.0
AGGAQLXPVGM5D,B009YYZJDQ,2.0
A1WXG10FJ353K0,B009YYZJDQ,5.0
A6VPK7X53QNAQ,B009YYZJDQ,3.0
A3FOSLM5G1BO63,B009YYZJDQ,4.0
A12O5SEIF162P8,B009YYZJDQ,3.0
A3NHUQ33CFH3VM,B009YYZJDQ,5.0
A10H24TDLK2VDP,B009YYZJDQ,5.0
A1B70ZEWQ6UH1A,B009YYZJDQ,5.0
A3J029KBNG5MNP,B009YYZJDQ,1.0
A3OKH5G69MS8D9,B00AM9YXTS,3.0
A2DF62DP20RIXF,B00AM9YXTS,2.0
A31ICLWQ9CSHRS,B00AM9YXTS,5.0
AI8EMB0HUC6Z5,B00AM9YXTS,2.0
A1SXCGBJ9JW2MO,B00AM9YXTS,5.0
A25QJBK33C4O0R,B00B1TGMIS,1.0
A31N0XY2UTB25C,B00B1TGMIS,2.0
A3L717PTT437BY,B00B1TGMIS,1.0
A2EZTM9WY5B5IL,B00B1TGUMG,4.0
A1VGXHHR08G044,B00B1TGMIS,1.0
AN81JUYW2SL24,B00B1TGUMG,1.0
A3LZA698SQPCXE,B00B1TGUMG,2.0
A1VGXHHR08G044,B00B1TGUMG,1.0
A17Y465UXZOJE3,B00BBJR0SO,2.0
A7U2GPWUHBI4Z,B00BBJR0SO,3.0
A376OJHLE6SU9Q,B00BBJR0SO,4.0
A2068BC3ZXAVJQ,B00BBJR0SO,3.0
A3FOSLM5G1BO63,B00BBJR0SO,4.0
ACVDL5QRCOPE1,B00BBJR0SO,2.0
A2YKWYC3WQJX5J,B00BBJR0SO,3.0
A35Q0RBM3YNQNF,B00BBJR0SO,5.0
A2503LT8PZIHAD,B00BBJR0SO,5.0
A3OXHLG6DIBRW8,B00BBJR0SO,4.0
A3TAS1AG6FMBQW,B00BFNCFZ4,5.0
A3G7BEJJCPD6DS,B00BFNCFZ4,4.0
A3L2KYOYDWSRPL,B00BFNCFZ4,4.0
A2IFKH3TJ10387,B00BFNCFZ4,4.0
A3FOSLM5G1BO63,B00BFNCFZ4,4.0
A5KMMY627T3W,B00BFNCFZ4,5.0
A3BVN2QBNPBHCR,B00BFNCFZ4,5.0
A23ZNGL704AW7O,B00BFNCFZ4,3.0
ACL0T7X1THPAV,B00BFNCFXG,5.0
ATJE929ETFFNH,B00BFNCFXG,4.0
A3JQ58CZBV3FOZ,B00BFNCFXG,4.0
AE0337VVP8MRM,B00BFNCFXG,4.0
A26BDXG9KVH7SU,B00BFNCFXG,5.0
A5KMMY627T3W,B00BFNCFXG,5.0
A2Q2A6JKY95RTP,B00C56PM8M,3.0
A3G7BEJJCPD6DS,B00C56PM8M,4.0
A3L2KYOYDWSRPL,B00C56PM8M,4.0
A3BVN2QBNPBHCR,B00C56PM8M,5.0
A2AF0NOCM71J0B,B00C56PM8M,5.0
A2W9GX82SLKROQ,B00C56PM8M,4.0
AK1WNXTHNCG5V,B00C56PM8M,3.0
A23R3EOZ837242,B00C56PM8M,4.0
AGJRUK27RBVYS,B00C56PM8M,4.0
ADLVFFE4VBT8,B00C56PM8M,3.0
A2NB2E5DXE319Z,B00C56PM8M,5.0
A3EZFFPVS34AMO,B00C56PM8M,4.0
A2V0I904FH7ABY,B00CBFRH08,2.0
A1TR1R2QKWRSRA,B00CBFRH08,2.0
AE0337VVP8MRM,B00CBFRH08,5.0
ACVDL5QRCOPE1,B00CBFRH08,2.0
AOEUN9718KVRD,B00CBFRH08,1.0
A33Y8C4818EJL0,B00CBFRH08,4.0
A3NHUQ33CFH3VM,B00CBFRH08,2.0
A2R1HUYHXV7H18,B00CBFRH08,3.0
A3VI2VETB90ZG5,B00CBFRH08,2.0
A3L1VJMHFWONCB,B00CTTEKJW,5.0
A31N0XY2UTB25C,B00CTTEKJW,4.0
A2B7VX6R4YVCXM,B00CTTEKJW,5.0
A23E9QQHJLNGUI,B00CTTEKJW,5.0
A11KZ906QD08C5,B00CTTEKJW,5.0
A3W4D8XOGLWUN5,B00CTTEKJW,3.0
A1VQHH85U7PX0,B00CTTEKJW,4.0
AA3EFAVNZ9NWH,B00CTTEKJW,5.0
A2V1J3JT5OOZFO,B00CTTEKJW,4.0
A12DQZKRKTNF5E,B00CTTEKJW,5.0
A2VEM6DZK8SEQ9,B00CTTEKJW,4.0
A3VONQL7YW8UPM,B00CTTEKJW,4.0
A1V4VVBQBFXRHC,B00CTTEKJW,4.0
A2DF62DP20RIXF,B00D3CKE2Q,3.0
A2QDOJFFLFGF18,B00D3CKE2Q,4.0
ANTN61S4L7WG9,B00D3CKE2Q,5.0
AFICF7DKHTQ87,B00D3CKE2Q,4.0
A1TR1R2QKWRSRA,B00D3CKE2Q,3.0
A19UTUEBWKIZFT,B00D3CKE2Q,5.0
A3FOSLM5G1BO63,B00D3CKE2Q,5.0
AQCJWSMSURQI2,B00D3CKE2Q,4.0
A2OCDK0BOW6UCY,B00D3CKE2Q,4.0
A3NHUQ33CFH3VM,B00D3CKE2Q,3.0
A38NELQT98S4H8,B00DT04I9W,5.0
A383XURHVF8ON6,B00DT04I9W,5.0
A3QNQQKJTL76H0,B00DT04I9W,5.0
ATFBVUXDIRXT6,B00DT04I9W,4.0
A2AC6GQ24S45GA,B00DT04I9W,5.0
A2PSD2R9A1CXG7,B00DT04I9W,5.0
A2LW5AL0KQ9P1M,B00DT04I9W,5.0
A3VI2VETB90ZG5,B00DT04I9W,5.0
A1GYEGLX3P2Y7P,B00DT04I9W,4.0
A3KZCNV1N8R9GC,B00DT04I9W,1.0
A2UWPPU5GZLMQZ,B00DT04I9W,5.0
AWIF8AR75LL9L,B00DT04I9W,5.0
A2QDOJFFLFGF18,B00E5UHRIO,4.0
A3LZA698SQPCXE,B00E5UHRIO,5.0
A17HMM1M7T9PJ1,B00E5UHRIO,2.0
A3R9X003XW0LNR,B00E5UHRIO,4.0
A2OCDK0BOW6UCY,B00E5UHRIO,4.0
A680RUE1FDO8B,B00E5UHRIO,4.0
AQCJWSMSURQI2,B00E5UHRIO,4.0
A680RUE1FDO8B,B00E5UHRT8,3.0
A2OCDK0BOW6UCY,B00E5UHRT8,2.0
A3G007LQX6KGOD,B00E5UHRT8,5.0
A26BDXG9KVH7SU,B00E5UHRT8,5.0
A3F3B6HY9RJI04,B00E5UHRT8,2.0
AUITG1DJ3QUGK,B00E5UHRT8,4.0
A1UQUDT2Q0YENM,B00E5UHRT8,2.0
ASJZT7DM51QEM,B00E5UHRT8,4.0
A2TBAUW2W7J538,B00E5UHRT8,4.0
A2AF0NOCM71J0B,B00E5UHRT8,5.0
A225G2TFM76GYX,B00E6LJAOG,3.0
A1JZFGZEZVWQPY,B00E6LJAOG,3.0
A17ZPLHRUPPEG5,B00E6LJAOG,1.0
ATOKT8QYK967L,B00E6LJ2SA,5.0
A23NSKTMSPPBTR,B00E6LJBUO,4.0
ABVYGB2TKBO8F,B00E6LJBUO,1.0
A3NOBH42C7UI5M,B00E6LJBUO,2.0
ABVYGB2TKBO8F,B00E6LJBUO,3.0
A2NB2E5DXE319Z,B00E6LJBUO,5.0
A1IJPJPYN1AKSZ,B00E6LJ2SA,1.0
AGYH5U11ZKPFB,B00E6LJ2SA,3.0
A23NSKTMSPPBTR,B00E6LJ2SA,4.0
AGOH8N902URMW,B00E6LJ2SA,1.0
A2VEM6DZK8SEQ9,B00E6LJ2SA,3.0
A3R2J4ICQJMG87,B00E6LJ2SA,2.0
A2DIQTZPF26T1L,B00E6ONJRM,3.0
A1TR1R2QKWRSRA,B00E6ONJRM,4.0
A3LZA698SQPCXE,B00E6ONJRM,4.0
A2OCDK0BOW6UCY,B00E6ONJRM,4.0
A23ZNGL704AW7O,B00E6ONJRM,3.0
A3R1WFO4KIUQXZ,B00E6ONJRM,5.0
AQCJWSMSURQI2,B00E6ONJRM,4.0
A16RI68PS6T5CA,B00E6ONJRM,4.0
A2WCFDOCS73PNB,B00E6ONJRM,5.0
AJ9AE2BVND0GS,B00E6ONJRM,4.0
A1N5JM9QQ3JFSS,B00E6ONJJU,5.0
A2DIQTZPF26T1L,B00E6ONJJU,5.0
A2YKWYC3WQJX5J,B00E6ONJJU,4.0
A2OCDK0BOW6UCY,B00E6ONJJU,3.0
AQCJWSMSURQI2,B00E6ONJJU,4.0
AZYJE40XW6MFG,B00E6ONJJU,2.0
ATJE929ETFFNH,B00E6ONJJU,5.0
A3NHUQ33CFH3VM,B00E6ONJJU,5.0
A26LD9FQHTM8ZH,B00E6ONJJU,3.0
A2UOHALGF2X77Q,B00EDSI7QO,3.0
A2HBOG4LVIY15L,B00EDSI7QO,3.0
A7EJERNB7IK3Z,B00EDSI7QO,1.0
A1VGXHHR08G044,B00EDSI7QO,1.0
A3L1VJMHFWONCB,B00EDSI7QO,4.0
ABVYGB2TKBO8F,B00EDSI7QO,3.0
A3VONQL7YW8UPM,B00EDSI7QO,5.0
A3CW0ZLUO5X2B1,B00EDSI7QO,3.0
A2EZTM9WY5B5IL,B00EOI2SR2,5.0
A25WJCAP606YMP,B00EOI2SR2,5.0
A225G2TFM76GYX,B00EOI2SR2,5.0
A2SH6A32BE6NEV,B00EOI2SR2,5.0
A3BVN2QBNPBHCR,B00EOI2SR2,5.0
A3RGHO0Q938FRS,B00EOI2SR2,5.0
A3G007LQX6KGOD,B00EOI2SR2,5.0
A3CG93783LP0FO,B00EOI2TD0,3.0
A3PPO2X5PJE1L9,B00EOI2TD0,2.0
A2068BC3ZXAVJQ,B00EOI2TD0,4.0
A3BVN2QBNPBHCR,B00EOI2TD0,5.0
AE0337VVP8MRM,B00EOI2TD0,5.0
A2SH6A32BE6NEV,B00EOI2TD0,5.0
AWPN47SSWK1JV,B00EOI2TD0,4.0
A1PL7QILVQV3IF,B00EOI2TD0,4.0
A2KOV8XWZOZ0FQ,B00EOI2TD0,5.0
A17V9XL4CWTQ6G,B00EOI2TD0,5.0
A2OCDK0BOW6UCY,B00EOR3IJK,3.0
A2AF0NOCM71J0B,B00EOR3IJK,4.0
AVJJ2D4G5I0Z4,B00EOR3IJK,1.0
A3FOSLM5G1BO63,B00EOR3IJK,4.0
A24O15MYDNLZBE,B00EOR3IJK,1.0
A3BVN2QBNPBHCR,B00EOR3IJK,5.0
A27DITPCCZIVAH,B00EOR3IJK,5.0
A225G2TFM76GYX,B00EOR3IJK,4.0
A1V3TRGWOMA8LC,B00EOR3IJK,1.0
A2DXENZNO2JT4F,B00EOR3IJK,2.0
A34TNH973Q9XT0,B00EP7AP7C,5.0
A3F3B6HY9RJI04,B00EP7AP7C,4.0
A2IFKH3TJ10387,B00EP7AP7C,3.0
A1X3ESYZ79H59E,B00EP7AP7C,4.0
A3Q1J68QY1MZQ9,B00EP7AP7C,5.0
A105S56ODHGJEK,B00EP7AP7C,4.0
A379DLIAF0MFM5,B00EP7AP7C,5.0
A2AC6GQ24S45GA,B00EP7AP7C,4.0
A2UEB48LAWFUCW,B00EP7AP7C,4.0
A3R1WFO4KIUQXZ,B00EZKNYXG,4.0
ABKMVAM7J0XRU,B00EZKNY8G,5.0
A2RJKVBUNZCSXI,B00EZKNY8G,4.0
A26LD9FQHTM8ZH,B00EZKNY8G,4.0
A11KZ906QD08C5,B00EZKNY8G,4.0
A2PK64OVZA1U8Z,B00EZKNYWC,5.0
A11KZ906QD08C5,B00EZKNYWC,4.0
A3CG93783LP0FO,B00EZPXYP4,5.0
A2WCFDOCS73PNB,B00EZPXYP4,5.0
AMUP8DYE7EAN2,B00EZPXYP4,4.0
A28I98PKHZZKVB,B00EZPXVWU,5.0
A3V6Z4RCDGRC44,B00EZPXOTA,5.0
AJ9AE2BVND0GS,B00EZPXOTA,5.0
A5KMMY627T3W,B00EZPXOTA,4.0
A1UQUDT2Q0YENM,B00EZPXOTA,5.0
A2TGMGZ116G6AW,B00EZPXOTA,5.0
A225G2TFM76GYX,B00EZPXOTA,5.0
A2IFKH3TJ10387,B00EZPXVWU,5.0
A3G7BEJJCPD6DS,B00EZPXVWU,4.0
A33HIV8RXRDM88,B00EZPXVWU,4.0
A32O98PFC3OP7K,B00EZPXVWU,5.0
A2KOV8XWZOZ0FQ,B00EZPXVWU,5.0
A2068BC3ZXAVJQ,B00EZPXVWU,5.0
A2V9DTXTQ5YIMK,B00EZPXVWU,5.0
A3F8T3BRXRX5P3,B00EZPXVWU,4.0
A1PI8VBCXXSGC7,B00EZPXVWU,4.0
A3H4S6YO9VNGDZ,B00EZPXYP4,5.0
A1PRS479STLISM,B00EZPXYP4,4.0
A28I98PKHZZKVB,B00EZPXYP4,5.0
A34A1UP40713F8,B00EZPXYP4,5.0
A2VWE5SGNDS8HW,B00EZPXYP4,5.0
A18WFBDYQ0TZDY,B00EZQYC8G,4.0
A2068BC3ZXAVJQ,B00EZPXYP4,5.0
A1W4F91DH3XPB2,B00EZPXYP4,5.0
AGJRUK27RBVYS,B00EZPXYP4,5.0
AI60AUM7SJR99,B00EZPXYP4,4.0
A3J8A5L5AF5TX9,B00EZQYC8G,3.0
A3QDY9I0CNMD2W,B00EZQYC8G,5.0
A1XXMNLOLKNO0I,B00EZQYC8G,5.0
A1C0SOX7DPXY65,B00EZQYC8G,3.0
A5KMMY627T3W,B00EZQYC8G,4.0
A1BK60GZ4QME6I,B00EZQYC8G,4.0
A3TCMJ6GKZJFBQ,B00EZQYC8G,4.0
AHQRU3MRORIWQ,B00EZQYC8G,4.0
A2X3L31KCXBHCL,B00EZQYC8G,4.0
A2WCFDOCS73PNB,B00EZQYC8G,5.0
A2Q2A6JKY95RTP,B00EZQYC8G,3.0
ADLVFFE4VBT8,B00F2BA8U4,3.0
A2SDRCBPIAXVDW,B00F2BA8U4,5.0
A3R1WFO4KIUQXZ,B00F2BA8U4,5.0
A38NELQT98S4H8,B00F2BA8U4,5.0
A3U41ZL33SS92P,B00F2BA8U4,2.0
A20H1M28WLI9J2,B00F2BA8U4,3.0
A680RUE1FDO8B,B00F2BA8U4,5.0
AFHYEO3Y1IIDD,B00F2BDP9K,5.0
A22CW0ZHY3NJH8,B00F2BDP9K,5.0
ACL0T7X1THPAV,B00F2BDP9K,5.0
A3D5B2CBFNJB0K,B00F2BDP9K,5.0
A1KKE6VX8VPWZK,B00F2BDP9K,4.0
A3TAS1AG6FMBQW,B00F2BDP9K,4.0
A105S56ODHGJEK,B00F2BDP9K,5.0
A28N2AWOVO2PB,B00F2BDP9K,5.0
AFICF7DKHTQ87,B00F2BDP9K,5.0
AP6L54VTCJKCQ,B00F2BDP9K,5.0
A3BVN2QBNPBHCR,B00F2BDP9K,5.0
A3G7BEJJCPD6DS,B00F2BDP9K,5.0
A2LW5AL0KQ9P1M,B00F2BDP9K,4.0
A2IFGGXG3YV3Y6,B00F2BDP9K,4.0
A35Q0RBM3YNQNF,B00F2BDP9K,4.0
A18YMFFJW974QS,B00F2BDP9K,4.0
AQCJWSMSURQI2,B00F2BDP9K,4.0
A2WC9NFLG57W4H,B00F2BDP9K,4.0
A680RUE1FDO8B,B00F2BDP9K,5.0
A1X1CEGHTHMBL1,B00F8K9MZQ,5.0
A9AJ0M7L7S43Q,B00F8K9L66,5.0
A34A1UP40713F8,B00F8K9MZQ,5.0
A2NB2E5DXE319Z,B00F8K9KZS,5.0
A100UD67AHFODS,B00F8K9KZS,5.0
A17ZPLHRUPPEG5,B00F8K9L66,5.0
A23E9QQHJLNGUI,B00F8K9L66,5.0
A31RULW0KNYJ5H,B00F8K9L66,2.0
AR3EVUQF0AC7R,B00F8K9MZQ,4.0
A2EZTM9WY5B5IL,B00F8K9MZQ,3.0
A3F8T3BRXRX5P3,B00F8K9KZS,4.0
A3IY316DRNF5F2,B00F8K9MZQ,4.0
A1T1YSCDW0PD25,B00F8K9L66,4.0
A1HDQMD058B644,B00F8K9MZQ,4.0
A334QQ8DK14SW1,B00F8K9MZQ,5.0
A1B8EJQU73YGL9,B00F8K9MZQ,5.0
A25C2M3QF9G7OQ,B00F8K9MZQ,5.0
A1T1YSCDW0PD25,B00F8K9MZQ,4.0
A3CW0ZLUO5X2B1,B00F8K9MZQ,5.0
A22I55P15NSAOX,B00F8K9MZQ,1.0
A18YMFFJW974QS,B00F9ZQQ8Q,4.0
A2VWE5SGNDS8HW,B00F9ZQQ8Q,2.0
A10PEXB6XAQ5XF,B00F9ZQQ8Q,1.0
A5KMMY627T3W,B00F9ZQQ8Q,4.0
A1WXG10FJ353K0,B00F9ZQQ8Q,3.0
A356RFKNIG043B,B00F9ZQQ8Q,2.0
A1UQUDT2Q0YENM,B00F9ZQQ8Q,1.0
AMUP8DYE7EAN2,B00F9ZQQ8Q,4.0
A3SMD3T0QTN109,B00F9ZQQ8Q,4.0
A2IFGGXG3YV3Y6,B00F9ZQQ8Q,4.0
A6VPK7X53QNAQ,B00FB5R4L2,3.0
AELK0E5DK7LIZ,B00FB5R4L2,5.0
AL9WKVMRI6GFB,B00FB5R4L2,3.0
A12O5SEIF162P8,B00FB5R4L2,3.0
A25KVM6GJBLISZ,B00FB5R4L2,3.0
A3DX5F0CW34Y9,B00FB5R4L2,5.0
A35Q0RBM3YNQNF,B00FB5R4L2,4.0
A25UZ7MA72SMKM,B00FB5R4L2,1.0
A19HT7YC1UW3D6,B00FFINOWS,5.0
ACL0T7X1THPAV,B00FFINOWS,5.0
A10ZFE6YE0UHW8,B00FFINOWS,5.0
A1T1YSCDW0PD25,B00FFINOWS,4.0
A3CW0ZLUO5X2B1,B00FFINOWS,5.0
A3GM951Z60CHA9,B00FYH8URE,4.0
A3S3R88HA0HZG3,B00FYH8URE,5.0
A2Q2A6JKY95RTP,B00FZ0E0HE,4.0
A1S0D037M0D71X,B00FZ0E0HE,5.0
A2EZTM9WY5B5IL,B00FZ0E0HE,4.0
A23NSKTMSPPBTR,B00G6CLN3Y,4.0
A27QXQQOLAMRRR,B00G6CLN3Y,3.0
ATJE929ETFFNH,B00G6CLN3Y,4.0
ANTN61S4L7WG9,B00G6CLN3Y,3.0
AZYJE40XW6MFG,B00G6CLN3Y,3.0
A3G7BEJJCPD6DS,B00G6CLN3Y,2.0
A6VPK7X53QNAQ,B00G6CLN3Y,3.0
A2YKWYC3WQJX5J,B00G6CLN3Y,4.0
A3EK2KTYHJCPB9,B00G6CLN3Y,4.0
AFICF7DKHTQ87,B00G6CLN3Y,3.0
A3BVN2QBNPBHCR,B00G6CLN3Y,5.0
A2IFGGXG3YV3Y6,B00G6CLN3Y,4.0
A1NRMTQ5SZPZA,B00G6CLN3Y,2.0
A23E9QQHJLNGUI,B00GOUBT6E,5.0
A23E9QQHJLNGUI,B00GOUBT6E,5.0
A3DDDXG42DOA0U,B00GOUBT6E,2.0
A1ODOGXEYECQQ8,B00GOUBT6E,5.0
A3UM9V980DKANX,B00H9A60O4,5.0
A2RJKVBUNZCSXI,B00H9A60O4,4.0
A3W4D8XOGLWUN5,B00H9A60O4,2.0
ASKH6TPNTTAFS,B00H9A60O4,5.0
A1VQHH85U7PX0,B00H9A60O4,4.0
A23E9QQHJLNGUI,B00H9A60O4,2.0
A11KZ906QD08C5,B00H9A60O4,2.0
A12DQZKRKTNF5E,B00H9A60O4,4.0
A10VA5QS5P57N4,B00HRQB28Y,5.0
AJ22XNZC2377X,B00HRQB28Y,5.0
A19HT7YC1UW3D6,B00HRQB28Y,5.0
A5KMMY627T3W,B00HRQB28Y,5.0
A3G7BEJJCPD6DS,B00HRQB28Y,5.0
A2MBLVMVDLHK1L,B00HRQB28Y,4.0
A167ABU99FT4OC,B00HRQB28Y,4.0
A3BVN2QBNPBHCR,B00HRQB28Y,5.0
A6VPK7X53QNAQ,B00HRQB28Y,4.0
A680RUE1FDO8B,B00HRQB28Y,4.0
A3G007LQX6KGOD,B00HRQB28Y,5.0
AQCJWSMSURQI2,B00HRQB28Y,3.0
A1VQHH85U7PX0,B00HRQB28Y,5.0
A3RZOPQ42Q50B1,B00HRQB28Y,3.0
A3TAS1AG6FMBQW,B00HRQB28Y,5.0
A3W4D8XOGLWUN5,B00HV9IM58,3.0
AY6A8KPYCE6B0,B00HV9IM58,4.0
A2E3NAL9ECE7VS,B00HV9IM58,3.0
A8WAYVOKYBLO6,B00HV9IM58,3.0
A383XURHVF8ON6,B00IIL0S8W,5.0
ATJE929ETFFNH,B00IIL0S8W,5.0
A3BVN2QBNPBHCR,B00IIL0S8W,5.0
A1F92EK0MUNOVR,B00IIL0S8W,5.0
A30IP5D5DLHRPA,B00IIL0S8W,4.0
A3FOSLM5G1BO63,B00IIL0S8W,4.0
A3FEGTOLCWXSV4,B00IIL0S8W,5.0
A3TAS1AG6FMBQW,B00IIL0S8W,5.0
A3QRW0UJPKIAX7,B00IIL0S8W,5.0
A2WCFDOCS73PNB,B00IIL0S8W,5.0
A1GYEGLX3P2Y7P,B00IIL0S8W,4.0
A2IFGGXG3YV3Y6,B00IIL0S8W,5.0
A357B3PUHSVQA,B00IIL0S8W,3.0
AI60AUM7SJR99,B00IP93PV4,3.0
A3FOSLM5G1BO63,B00IP93PV4,4.0
A3G7BEJJCPD6DS,B00IP93PV4,2.0
A379DLIAF0MFM5,B00IP93PV4,4.0
A30IP5D5DLHRPA,B00IP93PV4,2.0
ATMQEI1LKR6VB,B00IP93PV4,4.0
A3BVN2QBNPBHCR,B00IP93PV4,2.0
A15CL28ALB7MTZ,B00IP93PV4,4.0
A3LZA698SQPCXE,B00IP93PV4,3.0
A1UQBFCERIP7VJ,B00IP93PV4,2.0
A7UPJYPAH73NC,B00IP93PV4,5.0
A1VLVWTLV3LVHR,B00IP93PV4,4.0
A2LW5AL0KQ9P1M,B00IP93PV4,3.0
A2UWPPU5GZLMQZ,B00IP93PV4,3.0
ATJE929ETFFNH,B00IVFDZBC,5.0
AP6L54VTCJKCQ,B00IVFDZBC,5.0
A1WXG10FJ353K0,B00IVFDZBC,5.0
A3G7BEJJCPD6DS,B00IVFDZBC,5.0
AFICF7DKHTQ87,B00IVFDZBC,4.0
A3LZA698SQPCXE,B00IVFDZBC,5.0
A30IP5D5DLHRPA,B00IVFDZBC,5.0
A2AC6GQ24S45GA,B00IVFDZBC,5.0
A105S56ODHGJEK,B00IVFDZBC,5.0
A2R1HUYHXV7H18,B00IVFDZBC,5.0
AWIF8AR75LL9L,B00IVFDZBC,5.0
ATMQEI1LKR6VB,B00IVFDZBC,5.0
A3MQAQT8C6D1I7,B00JC5Y4FQ,5.0
A3DDDXG42DOA0U,B00JC5Y4FQ,2.0
A19RW25Q6206I3,B00JC5Y4FQ,3.0
A225G2TFM76GYX,B00JC5Y4FQ,5.0
A3IMK08UX0I46A,B00JC5Y4FQ,4.0
A3G007LQX6KGOD,B00JC5Y4FQ,4.0
A3RZOPQ42Q50B1,B00JC5Y4FQ,2.0
A225G2TFM76GYX,B00JC5Y6WM,5.0
A3FOSLM5G1BO63,B00JC5Y6WM,4.0
A105S56ODHGJEK,B00JC5Y6WM,5.0
A3VI2VETB90ZG5,B00JC5Y6WM,5.0
A209G57KXCBF4C,B00JC5Y4FQ,2.0
A1MDDJ2XUPZZOE,B00JC5Y4FQ,4.0
A3FOSLM5G1BO63,B00JC5Y4FQ,4.0
A3LZA698SQPCXE,B00JC5Y4FQ,5.0
A1WXG10FJ353K0,B00JC5Y6WM,5.0
A1V3TRGWOMA8LC,B00JC5Y6WM,5.0
A2068BC3ZXAVJQ,B00JC5Y6WM,5.0
A1J75JJ0Q2OEJN,B00JC5Y4FQ,3.0
A3CG93783LP0FO,B00JC5Y4FQ,2.0
A3NHUQ33CFH3VM,B00JC5Y4FQ,1.0
A1PI8VBCXXSGC7,B00JC5Y6WM,5.0
A1GYEGLX3P2Y7P,B00JC5Y6WM,5.0
A16YMCFWGSFGS9,B00JC5Y6WM,5.0
AE0337VVP8MRM,B00JC5Y6YA,5.0
A3BVN2QBNPBHCR,B00JC5Y6YA,5.0
A2IFGGXG3YV3Y6,B00JC5Y6YA,5.0
A3FOSLM5G1BO63,B00JC5Y6YA,3.0
AWIF8AR75LL9L,B00JC5Y6YA,4.0
A2503LT8PZIHAD,B00JC5Y6YA,4.0
A1TR1R2QKWRSRA,B00JZNHUFQ,4.0
A26BDXG9KVH7SU,B00JZNHUFQ,4.0
AFICF7DKHTQ87,B00JZNHUFQ,5.0
A2R1HUYHXV7H18,B00JZNHUFQ,4.0
A680RUE1FDO8B,B00JZNHUFQ,5.0
A1UQBFCERIP7VJ,B00JZNHUFQ,4.0
A3OXHLG6DIBRW8,B00JZNHUFQ,4.0
A2UOHALGF2X77Q,B00JZNHUFQ,4.0
A1R1BFJCMWX0Y3,B00JZNHUFQ,4.0
A31N0XY2UTB25C,B00JZNHUFQ,3.0
A10PEXB6XAQ5XF,B00L13X6QA,4.0
A2NB2E5DXE319Z,B00L13X6QA,5.0
A2VC48WIMY6L6E,B00L13X6QA,4.0
A1T1YSCDW0PD25,B00L13X6QA,3.0
A3W4D8XOGLWUN5,B00L13X6QA,4.0
A2GAADJ9YMV9EU,B00L13X6QA,5.0
A356RFKNIG043B,B00L64Q6SE,3.0
AGVWTYW0ULXHT,B00L64Q6SE,3.0
A1JUBRIZMO0RJV,B00L64Q6SE,4.0
ATFBVUXDIRXT6,B00L64Q6SE,5.0
A18Z4PYBB9L9RY,B00LC9UU6C,4.0
A2XRMQA6PJ5ZJ8,B00LX4BYV6,5.0
A3998OSO98YJ35,B00LX4BYV6,4.0
A31N0XY2UTB25C,B00LX4BYV6,5.0
A31N0XY2UTB25C,B00LX4BYV6,5.0
A31N0XY2UTB25C,B00LX4BYV6,5.0
A3SMR4HRFJARSC,B00LX4BYV6,1.0
A2VWE5SGNDS8HW,B00LX4BYV6,5.0
A2X3L31KCXBHCL,B00LX4BYV6,5.0
A250AXLRBVYKB4,B00LX4BYV6,5.0
AWIF8AR75LL9L,B00LX4BYV6,3.0
A1TH5UXT33E7RC,B00LYYN13O,4.0
A20H1M28WLI9J2,B00LYYN13O,3.0
AY6A8KPYCE6B0,B00LYYMX4W,4.0
A12DQZKRKTNF5E,B00LYYMX4W,5.0
AQIJ3ZEEVCIKU,B00LYYMX4W,3.0
A279FUL12R7MBD,B00LYYN13O,2.0
A25WJCAP606YMP,B00LYYN13O,5.0
A3NOBH42C7UI5M,B00LYYN13O,4.0
A3PPO2X5PJE1L9,B00LYYMX4W,4.0
A2PMR2PIGWKCQ9,B00LYYMX4W,4.0
A2UEB48LAWFUCW,B00LYYMX4W,4.0
A225G2TFM76GYX,B00LYYMXF6,5.0
A23ZNGL704AW7O,B00LYYMXF6,5.0
A21KNRUAA5RK5E,B00LYYMXF6,4.0
A1T9MILRRZ00F8,B00LYYMXF6,5.0
A3M7BCQKSQAK4L,B00LYYMXF6,5.0
A383XURHVF8ON6,B00LYYMXF6,5.0
A1WXG10FJ353K0,B00LYYMXF6,5.0
A2J8T58Z4X15IO,B00LYYMXF6,5.0
AWPN47SSWK1JV,B00LYYMXB0,4.0
A25KVM6GJBLISZ,B00LYYMXB0,4.0
AGOH8N902URMW,B00LYYMXB0,5.0
A18N6YPORZBLRK,B00LYYMXB0,2.0
A1DD5LYFQ3ZAOK,B00LYYMXB0,5.0
ANW6EGY12V5XS,B00LYYMXB0,3.0
ASKH6TPNTTAFS,B00LYYMXB0,4.0
A3R2J4ICQJMG87,B00M76N6MO,1.0
ADKZOXAOV8EXD,B00M76N6MO,1.0
AI60AUM7SJR99,B00MBYLU34,3.0
A3FOSLM5G1BO63,B00MBYLU34,4.0
A3G7BEJJCPD6DS,B00MBYLU34,2.0
A379DLIAF0MFM5,B00MBYLU34,4.0
A30IP5D5DLHRPA,B00MBYLU34,2.0
ATMQEI1LKR6VB,B00MBYLU34,4.0
A3BVN2QBNPBHCR,B00MBYLU34,2.0
A15CL28ALB7MTZ,B00MBYLU34,4.0
A3LZA698SQPCXE,B00MBYLU34,3.0
A1UQBFCERIP7VJ,B00MBYLU34,2.0
A7UPJYPAH73NC,B00MBYLU34,5.0
A1VLVWTLV3LVHR,B00MBYLU34,4.0
A2LW5AL0KQ9P1M,B00MBYLU34,3.0
A2UWPPU5GZLMQZ,B00MBYLU34,3.0
A31N0XY2UTB25C,B00MHZ6Z64,4.0
A2NSXY5L42ZUGO,B00MHZ6Z64,3.0
A25AXL9N6ZLAOE,B00MHZ6Z64,3.0
A225G2TFM76GYX,B00MILM2FA,5.0
A25QJBK33C4O0R,B00MILM2FA,4.0
A27DITPCCZIVAH,B00MILM2FA,3.0
A3SLC8F6VIWXIR,B00MILM2FA,4.0
A3U41ZL33SS92P,B00MILM2FA,4.0
ADDDFVHP3CSVA,B00MILM2FA,3.0
A2J8T58Z4X15IO,B00MILM2FA,5.0
A7ED6BJO320TG,B00MUTIDKI,5.0
A2QDOJFFLFGF18,B00MUTIDKI,5.0
A2068BC3ZXAVJQ,B00MUTIDKI,5.0
A680RUE1FDO8B,B00MUTIDKI,3.0
A34TNH973Q9XT0,B00MUTIDKI,5.0
ASJZT7DM51QEM,B00MUTIDKI,4.0
A1ZU55TM45Y2R8,B00MUTIDKI,3.0
A1PL7QILVQV3IF,B00MUTIDKI,4.0
A6VPK7X53QNAQ,B00MUTIDKI,5.0
A1BC62X6HZJGZR,B00MV9ELBM,4.0
A2WB7LZ595CR50,B00MV9ELBM,4.0
A2V9DTXTQ5YIMK,B00MV9ELBM,5.0
A3FEGTOLCWXSV4,B00MV9ELBM,5.0
A2503LT8PZIHAD,B00MV9ELBM,4.0
A1PI8VBCXXSGC7,B00MV9ELBM,4.0
A22CW0ZHY3NJH8,B00MV9ELBM,5.0
A2LXC5ZHHP0WXP,B00MV9ELBM,5.0
A31N0XY2UTB25C,B00MV9ELBM,4.0
ALYZJ7W14YS26,B00MV9ELBM,5.0
A3QL857ALV5RCJ,B00MV9EL6M,5.0
ATVSO72U28NQX,B00MV9EL6M,4.0
A35R6ZWYHCKT0J,B00MV9EL6M,5.0
A3OKH5G69MS8D9,B00MV9EL6M,5.0
A3J8A5L5AF5TX9,B00MV9EL6M,3.0
A3QDY9I0CNMD2W,B00MV9EL6M,5.0
A3H4S6YO9VNGDZ,B00MV9EL6M,5.0
A31N0XY2UTB25C,B00MV9EL6M,4.0
ACQYIC13JXAOI,B00MV9EL6M,3.0
ARZQZPP4BDT1C,B00MYXTCGY,3.0
A2RJKVBUNZCSXI,B00MYXTCGY,5.0
AU7PA1KV5MOMM,B00MYXTCNC,3.0
A18N6YPORZBLRK,B00MYXTCGY,4.0
AV9ABODU1BPYH,B00MYXTCGY,5.0
A3R4794K2RVU1S,B00MYXTCNC,3.0
A3QJU4FEN8PQSZ,B00MYXTCNC,3.0
A1NGFGBX2VCQS8,B00MYXTCNC,2.0
A1B8EJQU73YGL9,B00MYXTCGY,4.0
A1PI8VBCXXSGC7,B00MYXTCNC,4.0
A1XXMNLOLKNO0I,B00MYXTCNC,2.0
A23E9QQHJLNGUI,B00MYXTCNC,4.0
A22S7D0LP8GRDH,B00MYXTCNC,4.0
A3SLC8F6VIWXIR,B00MYXTCNC,4.0
A680RUE1FDO8B,B00MYXTCNC,5.0
A3OKH5G69MS8D9,B00MYXTCGY,3.0
A3OA4DV4L81N1D,B00MYXTCGY,1.0
A10ZFE6YE0UHW8,B00MYXTCGY,3.0
A334QQ8DK14SW1,B00MYXTCGY,1.0
A167ABU99FT4OC,B00MYXTCGY,3.0
A17ZPLHRUPPEG5,B00MYXTCIM,2.0
A25QJBK33C4O0R,B00MYXTCGY,3.0
A1B8EJQU73YGL9,B00MYXTCIM,3.0
A1MRRMHGV3PN5W,B00MYXTCIM,3.0
A2Y739CRM15WDL,B00MYXTCIM,4.0
AGVH2UVB4QZSS,B00MYXTCIM,5.0
A2AF0NOCM71J0B,B00MYXTCIM,2.0
A2PK64OVZA1U8Z,B00MYXTCIM,5.0
A3LMPD1ZQTWOC4,B00MYXTCIM,5.0
A9AJ0M7L7S43Q,B00MYXTCIM,5.0
A2AF0NOCM71J0B,B00MYXTCGY,3.0
A23R3EOZ837242,B00MYXTCGY,4.0
A3U41ZL33SS92P,B00MYXTCGY,2.0
A2IMLOJ2Z2QEU2,B00MYXTCGY,2.0
A2LW5AL0KQ9P1M,B00N4OLGL6,5.0
A3V6Z4RCDGRC44,B00N4OLGL6,5.0
ALYZJ7W14YS26,B00N4OLGL6,4.0
A30IP5D5DLHRPA,B00N4OLGL6,3.0
A3PD8JD9L4WEII,B00N4OLGL6,4.0
A23NSKTMSPPBTR,B00N4OLGL6,5.0
A3M7BCQKSQAK4L,B00N4OLGL6,4.0
A23E9QQHJLNGUI,B00N4OLGL6,2.0
A1V4VVBQBFXRHC,B00N4OLGL6,5.0
A3HRDRQ5VAFPQS,B00N4OLGL6,4.0
A10ZBR6O8S8OCY,B00N4OLGP2,5.0
A2VAD79S4A06DD,B00N4OLGP2,4.0
A1PI8VBCXXSGC7,B00N4OLGP2,4.0
ANTN61S4L7WG9,B00N4OLGP2,5.0
A17HMM1M7T9PJ1,B00N4OLGP2,3.0
A3D5B2CBFNJB0K,B00N4OLGP2,4.0
A2O4Y3QOPHS6H5,B00NG7JYYM,5.0
A1GWG5CWLKJ7ET,B00NG7JYYM,1.0
AGYH5U11ZKPFB,B00NG7JVSQ,3.0
A1X1CEGHTHMBL1,B00NG7JVSQ,1.0
A2C64FF04NWX14,B00NG7JVSQ,4.0
A1YUWK0O71JG0W,B00NG7JVSQ,2.0
A3CW0ZLUO5X2B1,B00NG7JVSQ,5.0
ACL0T7X1THPAV,B00NG7JVSQ,4.0
A2LR99VQFO6UNX,B00NG7JVSQ,1.0
A1T1YSCDW0PD25,B00NG7JVSQ,1.0
A19MNLXNDBHI54,B00NG7JVSQ,5.0
A23ZNGL704AW7O,B00OMQLT6C,4.0
AELK0E5DK7LIZ,B00OMQLT6C,5.0
A3EZFFPVS34AMO,B00OMQLT6C,4.0
A3D5B2CBFNJB0K,B00OMQLT6C,3.0
A2IFKH3TJ10387,B00OMQLT6C,3.0
A20H1M28WLI9J2,B00OMQLT6C,4.0
A38NELQT98S4H8,B00OW2PHDM,4.0
A225G2TFM76GYX,B00OW2PHDM,4.0
A1V3TRGWOMA8LC,B00OW2PHDM,3.0
ABVYGB2TKBO8F,B00OW2PHDM,2.0
A3VI2VETB90ZG5,B00OW2PJ5I,4.0
A2RME4353Y911C,B00OW2PJ5I,4.0
ATJE929ETFFNH,B00OW2PJ5I,4.0
A1JBUBTQ48ITN4,B00OW2PJ5I,3.0
A3M7BCQKSQAK4L,B00OW2PJ5I,4.0
A2J8T58Z4X15IO,B00OW2PJ5I,4.0
A23E9QQHJLNGUI,B00OW2PJ5I,5.0
A3FEGTOLCWXSV4,B00OW2PJ5I,4.0
A8WAYVOKYBLO6,B00OW2PJ5I,3.0
A3R4794K2RVU1S,B00OW2PHF0,4.0
A3D5B2CBFNJB0K,B00OW2PHF0,5.0
A16YMCFWGSFGS9,B00OW2PHF0,5.0
AI60AUM7SJR99,B00OW2PHF0,3.0
A2AF0NOCM71J0B,B00OW2PHF0,5.0
A2N786KHIFCKJ8,B00OW2PHF0,4.0
A3TCMJ6GKZJFBQ,B00OW2PHF0,4.0
A3TAS1AG6FMBQW,B00OW2PHF0,5.0
A10VA5QS5P57N4,B00P31G9PQ,1.0
ARFPGL7OEATYH,B00P31G9PQ,2.0
ATOKT8QYK967L,B00P6U8BA0,3.0
A3293UK4BYRP74,B00P6U8BA0,4.0
A3GM951Z60CHA9,B00P6U8BA0,4.0
AV9ABODU1BPYH,B00P6U8BA0,1.0
A2W1MMTI4BNJKD,B00P6U8BA0,4.0
A3IY316DRNF5F2,B00P6U8BA0,1.0
AGJ0DW8O7D9FL,B00P6U8BA0,5.0
A34GB2ZA1JLGND,B00P6U8BA0,5.0
A3OKH5G69MS8D9,B00P6U8BA0,4.0
A25C2M3QF9G7OQ,B00P6U8BA0,5.0
A110PC8C5Y7MQD,B00P6U8BA0,5.0
A2D1LPEUCTNT8X,B00P6U8BA0,5.0
A3S3R88HA0HZG3,B00PG8FOSY,5.0
A2LR99VQFO6UNX,B00PG8FOSY,4.0
A25KVM6GJBLISZ,B00PG8FOSY,2.0
A2D1LPEUCTNT8X,B00PG8FOSY,5.0
ATFBVUXDIRXT6,B00T0I6J4O,4.0
AY6A8KPYCE6B0,B00T0I6J4O,4.0
A2KZOUW7YLHN49,B00T0I6J4O,5.0
A376OJHLE6SU9Q,B00T0I6J4O,5.0
A24O15MYDNLZBE,B00T0I6J4O,5.0
A2AF0NOCM71J0B,B00T0I6J4O,4.0
A209G57KXCBF4C,B00T0I6J4O,3.0
A3EK2KTYHJCPB9,B00T0I6J4O,4.0
A2W1MMTI4BNJKD,B00T0I6J4O,4.0
A1PL7QILVQV3IF,B00T0I6J4O,4.0
A23R3EOZ837242,B00T0I6J4O,4.0
A2EZTM9WY5B5IL,B00U7LCE6A,3.0
ATVSO72U28NQX,B00U7LCE6A,1.0
A2KZOUW7YLHN49,B00U7LCE6A,1.0
A28Y1YD0QK88M5,B00UB76290,5.0
AZ1NSCXQKRGUH,B00UB76290,5.0
A3DXWLHCHTB5OB,B00UB76290,5.0
A334QQ8DK14SW1,B00UB76290,5.0
A2CGORRQGDEL37,B00UB76290,5.0
A10PEXB6XAQ5XF,B00UB76290,5.0
A1RALQC5KYXT1X,B00UB76290,5.0
A2V1J3JT5OOZFO,B00UB76290,5.0
A11KZ906QD08C5,B00UB76290,5.0
ATVSO72U28NQX,B00UB76290,5.0
A3998OSO98YJ35,B00UB76290,5.0
A3R1WFO4KIUQXZ,B01019T6O0,4.0
A1T1YSCDW0PD25,B01019T6O0,3.0
A3VGA20TE6D48U,B01019T6O0,5.0
ANW6EGY12V5XS,B01019T6O0,5.0
A3DXWLHCHTB5OB,B01019T6O0,5.0
A3W4D8XOGLWUN5,B01019T6O0,4.0
A3W4D8XOGLWUN5,B010P91LXA,3.0
A3W4D8XOGLWUN5,B010P91LXA,3.0
A2QDOJFFLFGF18,B010P91LXA,5.0
A2IFKH3TJ10387,B010P91LXA,4.0
A2OCDK0BOW6UCY,B010P91LXA,3.0
AOEDWQLH2WKKW,B010P91LXA,5.0
AQCJWSMSURQI2,B010P91LXA,4.0
A3W4D8XOGLWUN5,B010P91MAC,3.0
A2QDOJFFLFGF18,B010P91MAC,5.0
A2SDRCBPIAXVDW,B010P91MAC,5.0
A1MRRMHGV3PN5W,B010P91MAC,3.0
A3TCMJ6GKZJFBQ,B010P91MAC,1.0
AHQRU3MRORIWQ,B010P91MAC,5.0
A33HIV8RXRDM88,B010P91MAC,4.0
AQCJWSMSURQI2,B010P91MAC,4.0
AVU1ILDDYW301,B010P91MAC,5.0
A16YMCFWGSFGS9,B010P91MAC,4.0
A35R6ZWYHCKT0J,B010P91LYY,1.0
A22CW0ZHY3NJH8,B010P91LYY,2.0
A12DQZKRKTNF5E,B010P91LYY,4.0
A3RGHO0Q938FRS,B010P91LYY,1.0
A1GWG5CWLKJ7ET,B010P91LYY,5.0
A28N2AWOVO2PB,B010P91LYY,5.0
ANRXH0BVEAR6B,B010P91LYY,5.0
A16YMCFWGSFGS9,B010P91LYY,4.0
A3W4D8XOGLWUN5,B010P91LYY,3.0
A3W4D8XOGLWUN5,B0114ZV22E,4.0
A3PD8JD9L4WEII,B0114ZV22E,4.0
A3M7BCQKSQAK4L,B0114ZV22E,4.0
AI8EMB0HUC6Z5,B0114ZV22E,3.0
A1BK60GZ4QME6I,B0114ZV22E,3.0
A4H4KYSM2KQ85,B0114ZV22E,4.0
A25QJBK33C4O0R,B0114ZV22E,4.0
AGVH2UVB4QZSS,B0114ZV22E,5.0
A25UZ7MA72SMKM,B0114ZV22E,5.0
A25WJCAP606YMP,B0114ZV22E,4.0
A1UQUDT2Q0YENM,B0114ZV22E,4.0
A32O98PFC3OP7K,B0114ZV22E,4.0
A2VC48WIMY6L6E,B0114ZV22E,5.0
A2QDOJFFLFGF18,B0123C60F6,5.0
AVU1ILDDYW301,B0123C60F6,4.0
A680RUE1FDO8B,B0123C60F6,3.0
A1JUBRIZMO0RJV,B0123C60F6,4.0
A3LGT6UZL99IW1,B0123C60F6,3.0
A2XP8CV9ES33AM,B0123C60D8,5.0
A3VI2VETB90ZG5,B0123C60D8,5.0
A19RW25Q6206I3,B0123C60D8,5.0
AMUP8DYE7EAN2,B0123C60D8,5.0
A2X3L31KCXBHCL,B0123C60D8,5.0
A2WCFDOCS73PNB,B0123C60D8,5.0
A11KZ906QD08C5,B0144NYGJY,1.0
A28I98PKHZZKVB,B0144NYEY6,5.0
A10H24TDLK2VDP,B0144NYEY6,3.0
A3J8A5L5AF5TX9,B0144NYGJY,4.0
ATVSO72U28NQX,B0144NYGJY,5.0
A3J8A5L5AF5TX9,B0144NYEY6,4.0
A2WB7LZ595CR50,B0144NYEY6,4.0
A3SLC8F6VIWXIR,B01488541O,4.0
A12DQZKRKTNF5E,B01488541O,5.0
ASKH6TPNTTAFS,B01488541O,5.0
AVU1ILDDYW301,B01488541O,5.0
A3EZFFPVS34AMO,B01488541O,5.0
A25QJBK33C4O0R,B0148BYIPY,3.0
ARXU3FESTWMJJ,B0148BYIPY,4.0
A38KK0SZYEH5UD,B0148BYIPY,5.0
A3W4D8XOGLWUN5,B0148BYIPY,4.0
A2QI2NTDTMK2FV,B0148BYIPY,4.0
A3QJU4FEN8PQSZ,B0148BYIPY,4.0
ATS2855497V0I,B0148BYIPY,4.0
ARBKYIVNYWK3C,B0148BYIPY,5.0
A1QTHVA826XEOS,B0148BYIAO,5.0
AVU1ILDDYW301,B0148BYIAO,5.0
AN81JUYW2SL24,B0148BYIAO,5.0
A3CW0ZLUO5X2B1,B0148BYIAO,3.0
A22CW0ZHY3NJH8,B0148BYIAO,5.0
A11KZ906QD08C5,B0148BYIAO,1.0
A3W4D8XOGLWUN5,B0148BYIAO,4.0
A2OCDK0BOW6UCY,B0148BYIAO,4.0
A1143YEAZYMYHJ,B0148BYIAO,4.0
A376OJHLE6SU9Q,B0148BYIAO,4.0
A2R1HUYHXV7H18,B01537HQS8,5.0
A376OJHLE6SU9Q,B01537HQE2,5.0
A28RSMADFCBJDT,B01537HQE2,5.0
A2IFKH3TJ10387,B01537HQE2,4.0
AHQRU3MRORIWQ,B01537HQE2,5.0
AWPN47SSWK1JV,B01537HQE2,4.0
A2LW5AL0KQ9P1M,B01537HQS8,4.0
AVU1ILDDYW301,B01537HQS8,5.0
A30UP2KKD5IQEP,B01537HQS8,4.0
A3OKH5G69MS8D9,B015724OVG,4.0
A25AXL9N6ZLAOE,B015724OVG,5.0
A1B8EJQU73YGL9,B015724OVG,5.0
A31N0XY2UTB25C,B015724V9Q,4.0
A2VWE5SGNDS8HW,B015724OVG,4.0
A1PRS479STLISM,B015724OVG,5.0
A3W4D8XOGLWUN5,B015724V9Q,3.0
A2OCDK0BOW6UCY,B015724V9Q,3.0
A1MDDJ2XUPZZOE,B015724V9Q,5.0
A3W4D8XOGLWUN5,B015724OVG,2.0
A31N0XY2UTB25C,B015724RQI,4.0
A2DIQTZPF26T1L,B015724OVG,1.0
A2NB2E5DXE319Z,B015724RQI,5.0
A1BC62X6HZJGZR,B015724RQI,4.0
A34A1UP40713F8,B015724OVG,5.0
A25AXL9N6ZLAOE,B015724RQI,5.0
A3H4S6YO9VNGDZ,B015724RQI,5.0
A38NELQT98S4H8,B015PIIGQ6,4.0
A1EVV74UQYVKRY,B015PIIGQ6,4.0
AWPN47SSWK1JV,B015PIIGQ6,4.0
A3SLC8F6VIWXIR,B015PIIGQ6,4.0
A680RUE1FDO8B,B015PIIGQ6,4.0
A1UQUDT2Q0YENM,B015XDQEHQ,5.0
A3VI2VETB90ZG5,B015XDQEHQ,5.0
A2LW5AL0KQ9P1M,B015XDQEHQ,3.0
A1F7YU6O5RU432,B015XDQEHQ,4.0
A2WC9NFLG57W4H,B015XDQEHQ,2.0
A2W1MMTI4BNJKD,B015XDQEHQ,4.0
A2OCDK0BOW6UCY,B015XDQEHQ,4.0
A2IFKH3TJ10387,B015XDQEHQ,3.0
A3OEIPLU13BEW2,B015XDQEHQ,5.0
A680RUE1FDO8B,B015XDQEHQ,4.0
A28N2AWOVO2PB,B015XDQEHQ,5.0
A100UD67AHFODS,B01617VQJ4,4.0
A1B8EJQU73YGL9,B01617VPUY,5.0
A3C3TEMF8OMCRC,B01617VPUY,5.0
A2CGORRQGDEL37,B01617VVCQ,5.0
A3OKH5G69MS8D9,B01617VVCQ,4.0
A1X1CEGHTHMBL1,B01617VPUY,3.0
A2EZTM9WY5B5IL,B01617VPUY,3.0
A23E9QQHJLNGUI,B01617VPUY,5.0
A25KVM6GJBLISZ,B01617VVCQ,3.0
A110PC8C5Y7MQD,B01617VVCQ,5.0
A3IY316DRNF5F2,B01617VPUY,3.0
A3PPO2X5PJE1L9,B01617VNBK,4.0
A16YMCFWGSFGS9,B01617VQJ4,5.0
AY91MQZZR750W,B01617VQJ4,5.0
A2WCFDOCS73PNB,B01617VQJ4,5.0
A2FWZ58M6IQMD7,B01617VQJ4,5.0
A34CSXOGVYF94S,B01617VQJ4,4.0
A225G2TFM76GYX,B01617VQJ4,5.0
A2WB7LZ595CR50,B01617VNBK,3.0
A680RUE1FDO8B,B01617VQJ4,5.0
A1MDDJ2XUPZZOE,B01617VNBK,5.0
AGYH5U11ZKPFB,B01637RFR4,4.0
ARFPGL7OEATYH,B01637RFR4,5.0
A2D1LPEUCTNT8X,B01637RMYU,5.0
A9GPCR9WJQCCJ,B01637RMYU,3.0
A3CW0ZLUO5X2B1,B01637RFR4,5.0
A19HT7YC1UW3D6,B01637RFR4,5.0
A25UZ7MA72SMKM,B01637RMYU,5.0
AWRUGF540PB3A,B01637RMYU,5.0
A1T1YSCDW0PD25,B01637RMYU,3.0
A2XP8CV9ES33AM,B01AC3ZAHW,4.0
A25KVM6GJBLISZ,B01AC3ZAHW,4.0
A22CW0ZHY3NJH8,B01AC3ZAHW,4.0
A3Q1J68QY1MZQ9,B01AC3ZAHW,1.0
AWIF8AR75LL9L,B01AC3ZAHW,4.0
A2X3L31KCXBHCL,B01AC3ZAHW,4.0
A3CW0ZLUO5X2B1,B01AC3ZAHW,4.0
A1143YEAZYMYHJ,B01AC3ZAHW,2.0
A680RUE1FDO8B,B01AC3ZAHW,2.0
A2W1MMTI4BNJKD,B01AC3ZAHW,4.0
A3QRW0UJPKIAX7,B01AC3ZA7C,5.0
A17BUUBOU0598B,B01AC3ZA7C,4.0
A3DX5F0CW34Y9,B01AC3ZA7C,5.0
AE0337VVP8MRM,B01AC3ZA7C,4.0
A1VGXHHR08G044,B01AC3ZA7C,4.0
A12DQZKRKTNF5E,B01AC3ZA7C,4.0
A3CW0ZLUO5X2B1,B01AC3ZA7C,4.0
A2WB7LZ595CR50,B01AC3ZA7C,4.0
A1E55W6ES0FY17,B01AC3ZA7C,5.0
AQCJWSMSURQI2,B01AC3ZA7C,5.0
A1GYEGLX3P2Y7P,B01CCBESDE,4.0
A2W1MMTI4BNJKD,B01CCBESDE,5.0
A2AF0NOCM71J0B,B01CCBESDE,5.0
A1PL7QILVQV3IF,B01CCBESDE,4.0
A12O5SEIF162P8,B01CCBESDE,5.0
A3MQAQT8C6D1I7,B01CS8RSIS,4.0
AQCJWSMSURQI2,B01CS8RSIS,4.0
A2AF0NOCM71J0B,B01CS8RSIS,4.0
A12DQZKRKTNF5E,B01CS8RSIS,4.0
A5KMMY627T3W,B01CS8RSIS,5.0
ACL0T7X1THPAV,B01CS8RSIS,5.0
A3RZOPQ42Q50B1,B01CS8RSIS,4.0
AQCJWSMSURQI2,B01EB06QUM,4.0
A19XMHRB3G4DIR,B01EB06QUM,5.0
A10ZBR6O8S8OCY,B01EB06QUM,4.0
A2CGORRQGDEL37,B01F7RJHIQ,5.0
AFCQ78N0GKHRZ,B01F7RJHIQ,5.0
A1X1CEGHTHMBL1,B01F7RJHIQ,5.0
AHQRU3MRORIWQ,B01F7RJHIQ,4.0
AC6LV5D2RKTIR,B01F7RJHIQ,4.0
A35HNL2VEDK9Z1,B01F7RJHIQ,5.0
A379DLIAF0MFM5,B01F7RJHIQ,5.0
A26LD9FQHTM8ZH,B01F7RJHIQ,4.0
A3J3ZHGDUDPCFL,B01F7RJHIQ,5.0
A1W4F91DH3XPB2,B01F7RJHIQ,5.0
A23GFTVIETX7DS,B01FFVDY9M,4.0
A1RPTVW5VEOSI,B01FFVDY9M,5.0
AQCJWSMSURQI2,B01FFVDY9M,5.0
A1ZU55TM45Y2R8,B01FFVDY9M,5.0
A12DQZKRKTNF5E,B01FFVDY9M,5.0
A1E55W6ES0FY17,B01FFVDY9M,4.0
A225G2TFM76GYX,B01FFVDY9M,5.0
AYUF7YETYOLNX,B01FFVDY9M,4.0
A3F9CMU8KNAY1M,B01FFVDY9M,4.0
A2X3L31KCXBHCL,B01FFVDY9M,5.0
AVU1ILDDYW301,1413313728,4.0
A2VAD79S4A06DD,1413313728,3.0
A35IX2GE0VC0JP,1413313728,4.0
A3SLC8F6VIWXIR,1413313728,3.0
A11KZ906QD08C5,1413313728,4.0
A1GNYV0RA0EQSS,1413313728,4.0
A25UZ7MA72SMKM,B000FK88JK,5.0
A2K4HN6EECBNR3,B000TMHZX4,5.0
A31N0XY2UTB25C,B000UJUJ7U,4.0
A3QJU4FEN8PQSZ,B000Y7Y6IQ,1.0
A3SMR4HRFJARSC,B0013OAHTG,5.0
AMUP8DYE7EAN2,B0017W8BQU,3.0
A3KZCNV1N8R9GC,B0017W8BQU,4.0
AQCJWSMSURQI2,B001EJU9ZM,5.0
A21S26XYPGXJZX,B001TYYZCA,5.0
ARXU3FESTWMJJ,B001TYYZCA,3.0
A3F3B6HY9RJI04,B001VGZLQ0,1.0
A3KZCNV1N8R9GC,B001VGZLQ0,3.0
A1W4F91DH3XPB2,B002I7PGT8,1.0
A3NOBH42C7UI5M,B003VIVY7G,3.0
A2YKWYC3WQJX5J,B003WVFAO0,3.0
A3R1WFO4KIUQXZ,B0044DE8KC,4.0
A2LXX47A0KMJVX,B0044DE8KC,5.0
ATMQEI1LKR6VB,B004XO6V1G,4.0
ACQYIC13JXAOI,B004XO6V1G,4.0
A105S56ODHGJEK,B004XO6V1G,4.0
A3SMR4HRFJARSC,B004XO6V1G,5.0
AVPNQUVZWMDSX,B005CY41BI,4.0
A2YKWYC3WQJX5J,B005CY41BI,5.0
A26BDXG9KVH7SU,B007UXEF6U,1.0
A1B70ZEWQ6UH1A,B007UXEF6U,5.0
A376OJHLE6SU9Q,B007UXEF6U,3.0
A35IX2GE0VC0JP,B007UXEF6U,3.0
A3OXHLG6DIBRW8,B007UXEF6U,3.0
A26BDXG9KVH7SU,B00CBFRH08,4.0
A3FOSLM5G1BO63,B00CBFRH08,3.0
A3R4794K2RVU1S,B00CBFRH08,2.0
A2503LT8PZIHAD,B00CBFRH08,3.0
AGVWTYW0ULXHT,B00CBFRH08,2.0
A3EK2KTYHJCPB9,B01FFVDY9M,4.0
A1E50L7PCVXLN4,B01FFVDY9M,4.0
